"id","skill","reading","child_id","sp","tags","explain","category"
"10001","シューティングスター","しゅーてぃんぐすたー|すぺしゃるうぃーく|通常スペ","","200","継承固有|速度|加速","レース終盤に前方で相手を抜くと勢いに乗って前に出て加速力がちょっと上がる","継承固有"
"10002","先頭の景色は譲らない…！","せんとうのけしきはゆずらない…！|さいれんすすずか|通常スズカ","","200","継承固有|速度","レース後半に差を付けて先頭にいるとさらなる脚を使って、速度を上げる","継承固有"
"10003","究極テイオーステップ","きゅうきょくていおーすてっぷ|とうかいていおー|通常テイオー","","200","継承固有|速度","レース終盤に前と差が詰まると最終直線で華麗な脚取りを披露し速度がすごく上がる","継承固有"
"10004","紅焔ギア/LP1211-M","ぷろみねんすぎあ|こうえんぎあ|えるぴーいちにいちいちえむ|まるぜんすきー|通常マルゼン","","200","継承固有|加速","最終コーナー以降で前の方にいるとギアを変えて加速力が上がる","継承固有"
"10005","勝利の鼓動","しょうりのこどう|おぐりきゃっぷ|通常オグリ","","200","継承固有|速度","残り200m地点で前の方にいると道を開いて速度がすごく上がる","継承固有"
"10006","ヴィクトリーショット！","ゔぃくとりーしょっと！|たいきしゃとる|通常タイキ","","200","継承固有|加速","最終コーナー後半で好位置にいると弾みを付けて加速力を上げ続ける","継承固有"
"10007","貴顕の使命を果たすべく","きけんのしめいをはたすべく|めじろまっくいーん|通常マック","","200","継承固有|速度","最終コーナーで前の方にいると抜かせない覚悟を決めて速度が上がる長距離で余力十分ならすごく上がる","継承固有"
"10008","汝、皇帝の神威を見よ","なんじ、こうていのしんいをみよ|しんぼりるどるふ|通常ルドルフ","","200","継承固有|速度","レース終盤に3回追い抜くと最終直線で速度がすごく上がる","継承固有"
"10009","ブルーローズチェイサー","ぶるーろーずちぇいさー|らいすしゃわー|通常ライス","","200","継承固有|速度","レース終盤に追い抜いて先団につけると最終直線で強い意志を持って速度が上がる","継承固有"
"10010","不沈艦、抜錨ォッ！","ふちんかん、ばつびょうぉっ！|ごーるどしっぷ|通常ゴルシ","","200","継承固有|速度","レース中間付近で後方にいるとロングスパートをかけて速度を少し上げ続ける","継承固有"
"10011","カッティング×DRIVE！","かってぃんぐどらいぶ！|うおっか|通常ウオッカ","","200","継承固有|速度","残り200mを切って前の方にいると競り合いに強くなり速度が上がる","継承固有"
"10012","ブリリアント・レッドエース","ぶりりあんとれっどえーす|だいわすかーれっと|通常ダスカ","","200","継承固有|速度","レース後半に前の方で1番になる力を発揮する","継承固有"
"10013","精神一到何事か成らざらん","せいしんいっとうなにごとかならざらん|ぐらすわんだー|通常グラス","","200","継承固有|速度","最終直線で後ろの方から追い抜くと末脚を使って速度が上がる","継承固有"
"10014","プランチャ☆ガナドール","ぶらんちゃがなどーる|えるこんどるぱさー|通常エル","","200","継承固有|速度","最終直線で余力を持って前にいるとより優位を保ちやすくなる","継承固有"
"10015","ブレイズ・オブ・プライド","ぶれいずおぶぷらいど|えあぐるーゔ","","200","継承固有|速度","最終コーナーで中団以降から追い抜くと女帝たる走りで速度が上がる","継承固有"
"10016","ひらめき☆ランディング","ひらめきらんでぃんぐ|まやのとっぷがん","","200","継承固有|速度","最終コーナー以降に前の方で競り合うと抜け出しやすくなる","継承固有"
"10017","ピュリティオブハート","ぴゅりてぃおぶはーと|すーぱーくりーく","","200","継承固有|回復","レース中盤で好位置にいる時に持久力がすごく回復する","継承固有"
"10018","レッツ・アナボリック！","れっつあなぼりっく！|めじろらいあん","","200","継承固有|加速","レース終盤のコーナーで中団にいると前の位置につこうとして加速力が上がる","継承固有"
"10019","U=ma2","ゆーまつー|ゆーえむえーつー|ゆーえむえーにじょう|あぐねすたきおん","","200","継承固有|速度|回復","レース後半のコーナーで好位置に控えていると持久力を回復し少しの間速度が少し上がる","継承固有"
"10020","勝利のチケットを、君にッ！","しょうりのちけっとを、きみにっ！|ういにんぐちけっと","","200","継承固有|速度","最終コーナー以降に競り合っていると最終直線で前方にいる時強い気持ちが湧き速度が上がる","継承固有"
"10021","優等生×バクシン＝大勝利ッ","ゆうとうせいばくしんだいしょうりっ|さくらばくしんおー","","200","継承固有|速度","レース後半に前の方で競り合うとバクシン力（？）を発揮、速度が上がる","継承固有"
"10022","ワクワククライマックス","わくわくくらいまっくす|はるうらら","","200","継承固有|回復","最終コーナーで後ろの方にいると近くのウマ娘を見て持久力を回復する","継承固有"
"10023","来ます来てます来させます！","きますきてますこさせます！|まちかねふくきたる","","200","継承固有|速度","レース終盤に3番手以降で前方が詰まるとお告げの力で道を切り開く","継承固有"
"10024","きっとその先へ…！","きっとそのさきへ…！|ないすねいちゃ","","200","継承固有|速度","レース終盤に3番手で後ろのウマ娘との差が1バ身以内だと秘めた闘志に火が付き速度が上がる","継承固有"
"10025","Pride of KING","ぷらいどおぶきんぐ|きんぐへいろー","","200","継承固有|速度","レースを冷静に運ぶことができると残り200mで中団にいるとき実力発揮、速度がすごく上がる","継承固有"
"10026","ヴィットーリアに捧ぐ舞踏","ゔぃっとーりあにささぐぶとう|ていえむおぺらおー","","200","継承固有|速度","最終コーナー以降に前の方で前または後ろのウマ娘と距離が近いと王たる輝きで速度が上がる","継承固有"
"10027","G00 1st.F∞;","じーぜろぜろ|ごーふぁーすとふぉーえばー|みほのぶるぼん","","200","継承固有|速度","出遅れずに最終直線で前の方にいると速度が上がる、前方の順位をキープしていた場合はすごく上がる","継承固有"
"10028","∴win Q.E.D.","ぜあふぉあーうぃんきゅーいーでぃー| びわはやひで","","200","継承固有|速度","終盤の最終コーナー以降で前の方だと速度が上がる、冷静さを保っていたなら勝利の方程式を導きすごく上がる","継承固有"
"10029","絶対は、ボクだ","ぜったいは、ぼくだ|とうかいていおー","","200","継承固有|速度","最終コーナー以降に前の方で追いすがっていると最終直線を走行中不屈の闘志で速度がすごく上がる","継承固有"
"10030","最強の名を懸けて","さいきょうのなをかけて|めじろまっくいーん","","200","継承固有|速度","レース終盤かつ最終コーナー以降に前の方で近寄られると速度を上げ続ける","継承固有"
"10031","#LookatCurren","るっくあっとかれん|しゃーぷ|かれんちゃん","","200","継承固有|速度","レース中間付近で好位置にいる時に追い抜くと勢いづき進出を開始する","継承固有"
"10032","Nemesis","ねめしす|なりたたいしん","","200","継承固有|速度","最終コーナー以降で中団から前へ出る時、切れ味が増し速度が上がる","継承固有"
"10033","キラキラ☆STARDOM","きらきらすたーだむ|すまーとふぁるこん","","200","継承固有|速度","レース中盤の直線で前の方にいるとき後ろのウマ娘と距離が近いと譲らない想いが力になる","継承固有"
"10034","Shadow Break","しゃどうぶれいく|なりたぶらいあん","","200","継承固有|速度","最終コーナー以降に中団で外から追い抜くと怪物的な力で速度を上げる中盤競り合っていた場合はすごく上げる","継承固有"
"10035","フラワリー☆マニューバ","ふらわりーまにゅーば|まやのとっぷがん","","200","継承固有|速度|加速","最終コーナー以降に前の方で抜くと速度が後ろの方で抜くと加速力が上がる","継承固有"
"10036","薫風、永遠なる瞬間を","くんぷう、とわなるしゅんかんを|えあぐるーゔ","","200","継承固有|速度","レース中盤で前の方から仕掛け始める時に速度が上がる","継承固有"
"10037","アングリング×スキーミング","あんぐりんぐすきーみんぐ|せいうんすかい","","200","継承固有|加速","レース終盤のコーナーで先頭にいるとこれ幸いと加速力を上げる","継承固有"
"10038","タイマン！デッドヒート！","たいまん！でっどひーと！|ひしあまぞん","","200","継承固有|速度","最終コーナー以降に後ろの方から外を回って追い抜いていると最終直線で速度を上げる","継承固有"
"10039","コンドル猛撃波","こんどるもうげきは|えるこんどるぱさー","","200","継承固有|加速","最終コーナーで中団から前を狙う時魂を燃え滾らせて加速力を上げる","継承固有"
"10040","ゲインヒール・スペリアー","げいんひーるすぺりあー|ぐらすわんだー","","200","継承固有|回復","中盤に後ろの方で順位を下げた時に優しい光で持久力をすごく回復する","継承固有"
"10041","煌星のヴォードヴィル","きらぼしのゔぉーどゔぃる|こうせいのゔぉーどゔぃる|ふじきせき","","200","継承固有|速度","終盤に前の方で少し抜け出ていると残り300ｍを切ってから輝きを増し速度がすごく上がる","継承固有"
"10042","KEEP IT REAL.","きーぷいっとりある|ごーるどしちー","","200","継承固有|速度","レース後半に中団から仕掛け始める時に持てるパフォーマンスを発揮して速度を少し上げ続ける","継承固有"
"10043","わやかわ♪マリンダイヴ","わやかわまりんだいゔ|すぺしゃるうぃーく","","200","継承固有|回復|速度","中盤に2回スキルを使い中団にいると持久力を回復し速度が少し上がる","継承固有"
"10044","グッときて♪Chu","ぐっときてちゅ|まるぜんすきー","","200","継承固有|速度","スキルで持久力を回復するとレース後半で前のほうにいる時にレッツラゴー！と速度を上げる","継承固有"
"10045","I Never Goof Up!","あいねばーぐーふあっぷ！|めいしょうどとう","","200","継承固有|速度","レース終盤に追い抜くとあきらめない心を発揮して前を目指す","継承固有"
"10046","Schwarzes Schwert","しゅゔぁるつしゅゔぁーと|えいしんふらっしゅ","","200","継承固有|速度","冷静にレースを運び最終直線で3番手以降だと速度が上がる、中団の位置取りを維持しているとすごく上がる","継承固有"
"10047","禾スナハチ登ル","いねすなわちみのる|まちかねふくきたる","","200","継承固有|速度","レース後半に後方で詰め寄られるとマシマシの幸運パワーが身体に実り速度が上がる","継承固有"
"10048","I'M☆FULL☆SPEED!!","あいむふるすぴーど！！|ひしあけぼの","","200","継承固有|速度","レース中間に好位置で追い抜こうとすると速度が少し上がる短距離レースでは効果が変わり少し前に出る","継承固有"
"10049","尊み☆ﾗｽﾄｽﾊﾟ—(ﾟ∀ﾟ)—ﾄ!","とうとみらすとすぱーと！|あぐねすでじたる","","200","継承固有|速度|コース取り","レース終盤に2回追い抜くと間近で拝むウマ娘ちゃんのあまりの尊さに思わず速度を上げてコース取りがうまくなる","継承固有"
"10050","Drain for rose","どれいんふぉーろーず|らいすしゃわー","","200","継承固有|回復|速度|デバフ","レース中盤で好位置だと前方のウマ娘から持久力を吸い取り自分の速度を少し上げる","継承固有"
"10051","ぐるぐるマミートリック♡","ぐるぐるまみーとりっく|すーぱーくりーく","","200","継承固有|速度","最終直線を好位置で走行中前のウマ娘との距離が近いと抜け出しやすくなる","継承固有"
"10052","姫たるもの、勝利をこの手に","ひめたるもの、しょうりをこのてに|かわかみぷりんせす","","200","継承固有|速度","最終直線を走行中に競り合うと可憐にぶっ飛ばして速度を上げる","継承固有"
"10053","アナタヲ・オイカケテ","あなたをおいかけて|まんはったんかふぇ","","200","継承固有|速度|デバフ","レース後半に中団から『お友達』を追って速度を少しずつ上げ前方のウマ娘をちょっと萎縮させる","継承固有"
"10054","翳り退く、さざめきの矢","かげりしりぞく、さざめきのや|しんぼりるどるふ","","200","継承固有|速度","レース終盤に先団で詰め寄られると最終コーナー以降に闘志を燃やして速度を上げ続ける","継承固有"
"10055","GET DOWN","げっとだうん|ごーるどしちー","","200","継承固有|速度","最終コーナー走行中に中団で競り合うと抜け出しやすくなる","継承固有"
"10056","YEAH☆VIVID TIME!","いえーびびっどたいむ！|とーせんじょーだん","","200","継承固有|速度","最終直線を走行中に前の方で追い抜こうとするか近寄られるとテンションを上げて速度を上げる","継承固有"
"10057","彼方、その先へ…","かなた、そのさきへ|めじろどーべる","","200","継承固有|加速","掛からず、中盤の最終コーナーか終盤の最終コーナーではないコーナーを中団で進むと奮い立ち加速力が上がる","継承固有"
"10058","聖夜のミラクルラン！","せいやのみらくるらん！|おぐりきゃっぷ","","200","継承固有|速度|回復","スキルで持久力を3回以上回復するとレース後半で勝利に向かい呼吸を整えて力強く踏み込んでいく","継承固有"
"10059","Presents from X","ぷれぜんつふろむえっくす|びわはやひで","","200","継承固有|速度","スタート後からレース後半まで好位置を維持し続けるとレース中盤に勝利への道筋を見出し速度を上げる","継承固有"
"10060","Fairy tale","ふぇありーている|ふぁいんもーしょん","","200","継承固有|速度","レース後半に好位置で競り合うと走ることに心を躍らせて速度を上げる","継承固有"
"10061","白い稲妻、見せたるで！","しろいいなずま、みせたるで！|たまもくろす","","200","継承固有|速度","レース後半の直線で好位置にいるまたは中団から前を狙うと稲妻の如く駆けて行く","継承固有"
"10062","恵福バルカローレ","えふくばるかろーれ|えいふくばるかろーれ|ていえむおぺらおー","","200","継承固有|速度","残り400m地点で先団だと速度を上げるそれまでに7回以上スキルを使っている場合はすごく上げる","継承固有"
"10063","113転び114起き","113ころび114おき|ひゃくじゅうさんころびひゃくじゅうよんおき|はるうらら","","200","継承固有|速度","最終コーナーで先頭から離されているとその距離が遠いほど頑張り続けて速度を少しずつ上げる","継承固有"
"10064","憧れは桜を越える！","あこがれはさくらをこえる！|さくらちよのおー","","200","継承固有|速度","残り300mを切って好位置にいるとき前のウマ娘との距離が近いと強い想いが花開き速度が上がる","継承固有"
"10065","オペレーション・Cacao","おぺれーしょんかかお|みほのぶるぼん","","200","継承固有|速度|回復","中盤のコーナーで先団を走行中後ろに他ウマ娘を検知するとわずかに息を入れ、速度が上がる","継承固有"
"10066","Guten Appetit♪","ぐーてんあぺてぃーと|えいしんふらっしゅ","","200","継承固有|速度","最終コーナー以降に2回追い抜くと抱いた誇りを力に変えて最終直線で速度を上げ続ける","継承固有"
"10067","一期の夢、刹那の飛翔","いちごのゆめ、せつなのひしょう|めじろあるだん","","200","継承固有|速度","最終直線で後ろのウマ娘と距離が近いとこの瞬間に懸け持久力をわずかに使い少しの間速度がすごく上がる","継承固有"
"10068","ディオスクロイの流星","でぃおすくろいのりゅうせい|あどまいやべが","","200","継承固有|速度","最終直線で先頭から離されていると星に導かれるように速度が上がる最後方付近にいる場合はすごく上がる","継承固有"
"10069","勝ち鬨ワッショイ！","かちどきわっしょい！|きたさんぶらっく","","200","継承固有|速度","前方にいるとき、レース後半の第3コーナーで速度を少し上げる、または終盤の向正面で力強く前に踏み込む","継承固有"
"10070","どんっ、パッ、むんっ","どんっ、ぱっ、むんっ|まちかねたんほいざ","","200","継承固有|回復|速度","レース中間付近で中団にいるとき気合を入れ直して持久力を回復し速度が少し上がる","継承固有"
"10071","晦冥を照らせ永遠の耀き","かいめいをてらせとわのかがやき|さとのだいやもんど","","200","継承固有|速度","最終直線に入ったとき好位置につけていると強い意志で速度が上がる先頭が近い場合はすごく上がる","継承固有"
"10073","麗しき花信風","うるわしきかしんふう|めじろぶらいと","","200","継承固有|速度","レース後半に中団から残り持久力に応じたロングスパートをかけて速度をわずかに上げ続ける","継承固有"
"10074","Do Ya Breakin!","どぅーやーぶれいきん！|せいうんすかい","","200","継承固有|速度|加速","終盤の直線で前方にいると意気揚々と速度を上げる、さらにそこが向正面の場合加速力をわずかに上げる","継承固有"
"10075","Ravissant","らゔぃさんと|ふじきせき","","200","継承固有|速度","最終コーナー以降に先団で追い抜くと煌めくような華麗な動きを披露し少しの間速度がすごく上がる","継承固有"
"10076","つぼみ、ほころぶ時","つぼみ、ほころぶとき|にしのふらわー","","200","継承固有|加速","レース中盤のコーナーで競り合っていた場合、終盤かつ最終コーナー半ば以降に好位置にいると加速力が上がる","継承固有"
"10077","烈火繚乱、無敵之舞","れっかりょうらん、むてきのまい|やえのむてき","","200","継承固有|速度","最終コーナー以降に追い抜いていた場合残り300mを切って先団にいるとき烈火の如き闘争心で速度が上がる","継承固有"
"10078","Go☆Go☆for it!","ごーごーふぉーいっと|ないすねいちゃ","","200","継承固有|速度","最終コーナー以降に追い抜いていた場合最終直線で中団にいると速度が上がる人気が低い場合は奮起して上げ続ける","継承固有"
"10079","轟！トレセン応援団！！","ごう！とれせんおうえんだん！！|きんぐへいろー","","200","継承固有|加速","レース前半、掛からず最後方付近に控え続けていると、最終直線で気合を爆発させて加速力が上がる","継承固有"
"10080","チャージ完了！全速前進！","ちゃーじかんりょう！ぜんそくぜんしん！|あいねすふうじん","","200","継承固有|速度","残り300m付近で前の方だと速度を少し上げる、ちょうど坂を上りきったところだった場合はすごく上げる","継承固有"
"10081","ぶっちぎりロード","ぶっちぎりろーど|めじろぱーまー","","200","継承固有|回復|速度","スタート後からレース後半まで前方をキープすると気分を爆アゲして持久力を回復し速度を少し上げ続ける","継承固有"
"10082","One True Color","わんとぅるーからー|かれんちゃん","","200","継承固有|速度|加速","残り350mを切って前の方で後ろのウマ娘との距離が近いと譲らぬ思いで抜け出しやすくなる","継承固有"
"10083","Best day ever","べすとでいえばー|ふぁいんもーしょん","","200","継承固有|速度|加速","終盤かつ最終コーナー以降に好位置にいると速度が上がるさらにゴールまで遠いと最高の走りで加速力がちょっと上がる","継承固有"
"10084","快走かな、快走かな！","かいそうかな、かいそうかな！|いなりわん","","200","継承固有|速度","レース前半中団以降に控え続けており追い比べをしていると江戸っ子の底力を見せつけて速度をすごく上げる","継承固有"
"10085","いただき☆ストレリチア！","いただきすとれりちあ！|すいーぷとうしょう","","200","継承固有|速度","最終コーナー突入時まで冷静に後方で控えていると残り300m地点でスピードアップの魔法をかけて速度を上げ続ける","継承固有"
"10086","Joyful Voyage!","じょいふるゔぉやーじ！|たいきしゃとる","","200","継承固有|速度","残り200m地点で前の方にいると速度を上げる、さらに先頭のウマ娘と近い場合パワフルな走りでわずかに前に出る","継承固有"
"10087","ときめきが呼ぶほうへ","ときめきがよぶほうへ|めじろどーべる","","200","継承固有|速度","終盤目前の下り坂で中団に控えていてゴールまで遠いとレースを思いっきり楽しんで速度を上げる","継承固有"
"10088","trigger:BEAT","とりがーびーと|えあしゃかーる","","200","継承固有|速度|コース取り","最終コーナー以降に中団の内ラチ側にいると勝利への道筋を見出して最終直線で速度が上がりコース取りがうまくなる","継承固有"
"10089","威風堂々、夢錦！","いふうどうどう、ゆめにしき！|すぺしゃるうぃーく","","200","継承固有|速度","終盤最終コーナーでスキルを発動すると声援を胸に速度を少し上げる中山レース場ならすごく上げる","継承固有"
"10090","きらめくは海、まばゆきは君","きらめくはうみ、まばゆきはきみ|めじろまっくいーん","","200","継承固有|速度","レース後半に先団にいると残りの持久力に応じたロングスパートをかけて速度をわずかに上げ続ける","継承固有"
"10091","Adventure of 564","あどべんちゃーおぶごるし|ごーるどしっぷ","","200","継承固有|速度","レース後半どっかで速度をわずかに上げついでに使えそうなレアスキルを2つ条件を無視して発動させる","継承固有"
"10092","熱血！！風紀アタック","ねっけつ！！ふうきあたっく|ばんぶーめもりー","","200","継承固有|加速","終盤最終コーナー以降に後方から迫ると短い間加速力がちょっと上がる効果中に追い抜くと3回まで効果と時間が増える","継承固有"
"10093","理運開かりて翔る","りうんひらかりてかける|こぱのりっきー","","200","継承固有|速度|加速","終盤が迫ったときどこかで速度を少し上げ、さらに能力を引き出すスキルの発動数に応じて速度と加速力を上げる","継承固有"
"10094","α-star*","あるふぁすたー|すまーとふぁるこん","","200","継承固有|速度|回復","レース中間付近で先頭付近だと速度を少し上げ続けるさらにダートレースでは持久力が少し回復する","継承固有"
"10095","夢の先へ、届け！","ゆめのさきへ、とどけ！|ういにんぐちけっと","","200","継承固有|速度","ラストスパートの最終直線に中団以降で速度を少しずつ上げ、効果中スキルを発動すると3回まで効果が増える","継承固有"
"10096","Hephaistos","へふぁいすとす|なりたたいしん","","200","継承固有|速度","レース終盤の最終コーナー後半で高みを目指して中団から速度を上げる","継承固有"
"10097","ゆきあかり、おいかけて","ゆきあかり、おいかけて|ゆきのびじん","","200","継承固有|速度","残り300mを切って先頭もしくは前の方で先頭のウマ娘との距離が近いと速度を上げる","継承固有"
"10098","『I'm possible』","あいむぽっしぶる|しーきんぐざぱーる","","200","継承固有|速度","残り200ｍ地点で先頭ではないとき先頭から4バ身以内だと速度が上がる2バ身以内にいる場合はすごく上がる","継承固有"
"10099","萌到讓我活過來了！","もんだおらんうぉふぉぐぅぉらいら|もえとう|あぐねすでじたる","","200","継承固有|速度","中盤のコーナーで中団以降にいるとき近くにウマ娘ちゃんが3人以上いると萌えパワーで速度が上がる","継承固有"
"10100","Spooky-Scary-Happy","すぷーきーすけありーはっぴー|めいしょうどとう","","200","継承固有|速度|デバフ","最終直線に入ったとき前の方だと速度を上げ、前2人後ろ2人までのウマ娘をちょっと萎縮させる","継承固有"
"10101","Silent letter","さいれんとれたー|あすとんまーちゃん","","200","継承固有|速度|加速","残り400mを切って前の方で近寄られるとファンの心に残る走りで抜け出しやすくなる","継承固有"
"10102","風光る","かぜひかる|やまにんぜふぁー","","200","継承固有|加速","レース前半で控え、最終コーナー後半に前の方だと長時間加速力をちょっと上げ続ける、2番手なら効果が上がる","継承固有"
"10103","火神鳴","ひがみなり|ひかみなり|たまもくろす","","200","継承固有|速度","レース中盤にスキルを2つ発動すると速度を少し上げ続ける、効果中スキルを発動すると2回まで効果が増える","継承固有"
"10104","灯穂","とうすい|いなりわん","","200","継承固有|速度","終盤のコーナーで後方から詰め寄ると最終直線で速度が上がる終盤のコーナーで追い抜いた回数に応じて効果が増える","継承固有"
"10105","剣ヶ峰より、狂気に嗤え","けんがみねより、きょうきにわらえ|なかやまふぇすた","","200","継承固有|速度","最終コーナー以降に追い抜こうとしていた場合、残り400ｍを切ってから好位置にいると速度が上がる人気が低い場合はすごく上がる","継承固有"
"10106","Never Say Never","ねばーせいねばー|わんだーあきゅーと","","200","継承固有|速度","残り300m地点で前方にいると速度が少し上がるさらにダートレースで先頭から2バ身以内だと少し前に出る","継承固有"
"10107","Into High Gear!","いんとぅはいぎあー！|うおっか","","200","継承固有|速度|加速","レース中盤以降の下り坂で中団だと坂を下った後少しの間速度を上げる東京レース場ならさらにギアを上げる","継承固有"
"10108","Queen's Lumination","くいーんずるみねーしょん|だいわすかーれっと","","200","継承固有|速度","レース後半の直線で前方にいると速度を少し上げ続ける、先頭で後ろのウマ娘との差が1バ身以内だと効果が増える","継承固有"
"10109","掲げよ、己が魂の剣を！","かかげよ、おのがたましいのつるぎを！|ぜんのろぶろい","","200","継承固有|速度","レース終盤の残り400m地点で前方だと速度が上がる、GⅠなど大舞台で人気が高い場合すごく上がる","継承固有"
"10110","灰色の臨界点","はいいろのりんかいてん|なりたぶらいあん","","200","継承固有|速度","終盤の最終コーナー後半に先団にいると速度が上がる、長距離レースかつ中盤に競り合っていた場合はものすごく上がる","継承固有"
"10111","あっぱれ大盤振る舞い！","あっぱれおおばんぶるまい！|きたさんぶらっく","","200","継承固有|速度|加速","終盤のコーナーで前方にいる時ゴールまでが遠いと少しの間前に出て加速力がちょっと上がる","継承固有"
"10112","玄雲散らす、黄金甲矢","げんうんちらす、こがねはや|さとのだいやもんど","","200","継承固有|速度|回復","レース中間付近で中団にいるとき燦然と輝きを放って速度が上がり持久力を少し回復する","継承固有"
"10113","アゲてアゲてぷちょへんざ！","あげてあげてぷちょへんざ！|だいたくへりおす","","200","継承固有|速度","終盤が迫ったどこかで前方にいると速度を少しアゲる、短距離かマイルレースの場合は少しアゲ続ける","継承固有"
"10114","かがやけ☆とまこまい","かがやけとまこまい|ほっこーたるまえ","","200","継承固有|加速","中盤のコーナーで競り合っていた場合ラストスパートで好位置にいると加速力がわずかに上がる余力十分なら効果が増える＜ダート＞","継承固有"
"10115","フレッシュ☆パーラー","ふれっしゅぱーらー|あいねすふうじん","","200","継承固有|速度|回復","レース中盤始めの方に前方にいると速度を少し上げ続けおまけに持久力を少し回復する","継承固有"
"10116","あなたに捧げるフリーポア","あなたにささげるふりーぽあ|めじろらいあん","","200","継承固有|速度|加速","終盤目前の下り坂で2番手以降かつ先頭から4バ身以内にいると少しの間速度が上がる、さらに中距離レースでは加速力がちょっと上がる","継承固有"
"10117","Ding Dong Boo","でぃんどんぶー|しんこうういんでぃ","","200","継承固有|速度|加速","追い比べをしたとき、速度が少し上がるさらにダートレースでは嚙みつかんばかりの気迫で加速力が上がる","継承固有"
"10118","叙情、旅路の果てに","じょじょう、たびじのはてに|みすたーしーびー","","200","継承固有|速度","終盤が迫ったどこかで後方にいると速度を少し上げ続ける中距離か長距離レースで先頭から離れていると効果が増える","継承固有"
"10119","エンジン全開！大噴射！","えんじんぜんかい！だいふんしゃ！|ついんたーぼ","","200","継承固有|速度","中盤の半ばに差を付けて先頭だと超長時間速度をわずかに上げ続けるが終盤の終わりにちょっと垂れてしまう","継承固有"
"10120","至上であれ","しじょうであれ|だいいちるびー","","200","継承固有|速度|デバフ","冷静に走行し終盤突入時に後方付近だと少し前に出て、先頭から4人までのウマ娘をちょっと萎縮させる","継承固有"
"10121","Mission: Triumph","みっしょんとらんぷる|しんぼりくりすえす","","200","継承固有|速度","レース中間付近以降の直線で中団にいると速度が上がる、そこが下り坂なら上げ続ける","継承固有"
"10122","Danser le présent","だんされぷれぞん|めじろあるだん","","200","継承固有|速度|持久力消費","終盤の最終直線で好位置にいるとき後ろのウマ娘との差が1バ身以内だと持久力を使って速度が上がりわずかに前に出る","継承固有"
"10123","咲け咲け！私！","さけさけ！わたし！|さくらちよのおー","","200","継承固有|加速","レース中盤に競り合っていた場合残り650m地点で好位置にいると夢を叶えるため加速力を上げ続ける","継承固有"
"10124","花開き、世界","はなひらき、せかい|さくらろーれる","","200","継承固有|速度","レース中間地点で中団にいると速度を少し上げる、長距離レースだと効果時間が増えさらに持久力をすごく回復する","継承固有"
"10125","アド・アストラ","あどあすとら|ねおゆにゔぁーす","","200","継承固有|速度","レース中間付近で中団にいると速度が上がる、中距離レースで7回以上スキルを使っているとすごく上がる","継承固有"
"10126","ごろりん！？パワードライブ","ごろりん！？ぱわーどらいぶ|まちかねたんほいざ","","200","継承固有|速度","レース後半のコーナーで中団にいると残り持久力に応じた時間速度が少し上がる、さらに中距離レースでは加速力がちょっと上がる","継承固有"
"10127","CHERRY☆スクランブル","ちぇりーすくらんぶる|さくらばくしんおー","","200","継承固有|加速","残り400m地点で3番手以内にいると短い間加速力がちょっと上がるレース中盤に連続して競り合い続けた時間が長いほど効果と時間が増える","継承固有"
"10128","Bang☆ミラクるわせ！","ばんみらくるわせ|ひしみらくる","","200","継承固有|速度","最終コーナー後半で中団にいると速度を少し上げ続ける、長距離レースで人気が低い場合すごく上げ続ける","継承固有"
"10129","霹靂のアウフヘーベン","へきれきのあうふへーべん|たにのぎむれっと","","200","継承固有|速度","レース終盤に後方にいると最終直線で力を解放し前に出る、東京レース場の中距離レースならものすごく前に出る","継承固有"
"10130","Flowering Dreams","ふらわりんぐどりーむす|にしのふらわー","","200","継承固有|速度","残り200m地点で2番手～中団にいると速度が上がるさらに近くにウマ娘が3人以上いるとわずかに前に出る","継承固有"
"10131","大盛り！ファーストバイト！","おおもり！ふぁーすとばいと！|ひしあまぞん","","200","継承固有|速度|加速","レース中盤に3回追い抜いた場合終盤目前の下り坂で後方にいると少しの間速度が上がり加速力がちょっと上がる","継承固有"
"10132","万彩☆マーベラス★世界","まんさいまーべらすせかい|まーべらすさんでー","","200","継承固有|速度","レース中間付近で中団にいるとき近くにウマ娘がいると速度が上がる視界にウマ娘が4人以上いると効果が増える","継承固有"
"10133","奥義・常夏バーニング！！","おうぎとこなつばーにんぐ！！|ばんぶーめもりー","","200","継承固有|速度","残り200m地点で前の方にいると速度が少し上がる、短距離レースで終盤に追い抜いていた場合はすごく上がる","継承固有"
"10134","GALmem.ふぉーえば♪","ぎゃるめんふぉーえば|とーせんじょーだん","","200","継承固有|速度","レース中間付近で中団にいると速度を少し上げ続ける絶好調なら効果が増える","継承固有"
"10135","暁の御旗『葛城栄主』！","あかつきのみはたかつらぎえいす！|かつらぎえーす","","200","継承固有|速度|回復","第3コーナーで先頭なら速度を少し上げ持久力を少し回復する、東京の中距離レースなら効果時間が増える","継承固有"
"10136","セイリオス","せいりおす|しりうすしんぼり","","200","継承固有|加速","残り800m地点で中団にいると加速力がわずかに上がる、2400ｍのレースで人気が高いとすごく上がる","継承固有"
"10137","夏空ハレーション","なつぞらはれーしょん|あぐねすたきおん","","200","継承固有|速度|加速","後半のコーナーで好位置だと少しの間速度がすごく上がるさらに中山レース場ならスピードの能力に応じて加速力が上がる","継承固有"
"10138","水平線のその先へ","すいへいせんのそのさきへ|さいれんすすずか","","200","継承固有|速度","終盤突入時に先頭だと少し前に出るそこが第3コーナーで中盤に大きく差をつけて先頭にいた場合すごく前に出る","継承固有"
"10139","Road to Glory","ろーどとぅぐろーりー|なりたとっぷろーど","","200","継承固有|速度","レース終盤目前で好位置にいた場合残り400m地点で速度がすごく上がる長距離でスキル発動時、先頭か先頭から1バ身以内にいるとものすごく上がる","継承固有"
"10140","Vive la GOLD","ゔぃぶらごーるど|ごーるどしっぷ","","200","継承固有|速度","最終コーナー以降に後方から追い抜こうとすると速度が上がるスタート時に出遅れているとすごく上がる＜中距離/長距離＞","継承固有"
"10141","ポンテ・デ・ディアマン","ぽんてででぃあまん|さとのだいやもんど","","200","継承固有|速度","終盤が迫ったときどこかで中団にいると速度が少し上がる、中距離レースなら効果が増える","継承固有"
"10142","幸せの青い光","しあわせのあおいひかり|けいえすみらくる","","200","継承固有|速度","終盤始めのどこかで前方にいると少し前に出る、短距離かマイルレースの場合は効果が増える","継承固有"
"10143","...found you.","ふぁうんどゆー|えあしゃかーる","","200","継承固有|速度","終盤の最終コーナー後半以降に追い抜こうとすると速度が上がるレース中盤に中団で追い抜かれているとすごく上がる","継承固有"
"10144","Immortal Work","いもーたるわーく|しんぼりくりすえす","","200","継承固有|速度","レース中間地点で中団にいると最終直線で速度が上がる、中山レース場の中距離レースならものすごく上がる","継承固有"
"10145","愛と熔けよただ熔けよ","あいととけよただとけよ|めじろらもーぬ","","200","継承固有|速度","残り1000ｍ地点で前の方にいると速度が上がる","継承固有"
"10146","快なる剛力","かいなるごうりき|かわかみぷりんせす","","200","継承固有|速度","レース中盤以降の上り坂で中団にいると坂を上りきった後、優雅にぶちかまして速度を上げる","継承固有"
"10147","歌舞歓楽や、ああをかし","かぶかんらくや、ああをかし|とうかいていおー","","200","継承固有|速度","レース後半に前方で詰め寄られると終盤の最終コーナー後半以降で速度が上がる、さらに2400m～2500mのレースではわずかに前に出る","継承固有"
"10148","Billions of stars","びりおんずおぶすたーず|たっぷだんすしちー","","200","継承固有|速度","終盤の最終直線で先頭にいると速度が少し上がる、終盤開始までに取ったリードの距離に応じて効果が増える","継承固有"
"10149","jingle all the way","じんぐるおーるざうぇい|めじろぱーまー","","200","継承固有|速度|加速","レース中間付近以降の直線で先頭だと長めに速度を少し上げ続ける、さらに中山レース場で「大逃げ」が発動していると長めに加速力をちょっと上げ続ける","継承固有"
"10150","Illuminate you","いるみねいとゆー|めじろぶらいと","","200","継承固有|回復|速度","中盤に中団にいるとき速度をわずかに落として、持久力をすごく回復するスタミナが十二分に高いとその後終盤に長時間わずかに前に出続ける","継承固有"
"10151","Reversal Illusion","りばーさるいりゅーじょん|さとのくらうん","","200","継承固有|速度","最終コーナーで中団にいた場合残り400mを切ってから速度が上がる中距離レースで中盤に追い抜いているとすごく上がる","継承固有"
"10152","Celeste Oath","せれすておーす|しゅゔぁるぐらん","","200","継承固有|速度|回復","レース中間付近で前方にいると速度が上がり持久力がわずかに回復する2400ｍ以上のレースだと回復量が増える","継承固有"
"10153","ミンナノアタシへ！","みんなのあたしへ！|きたさんぶらっく","","200","継承固有|速度","序・中盤に前の方で追い抜かれるか競り合ったとき短い間速度を上げる、その後長距離レースならレース後半に2番手以内だと速度を少し上げ続ける","継承固有"
"10154","もちっと・ハレハレ","もちっとはれはれ|ないすねいちゃ","","200","継承固有|速度","終盤の最終コーナー以降で中団以降だと少しの間速度がすごく上がる中距離レースでは効果が変わり少しの間すごく前に出る","継承固有"
"10155","デラックス☆ファウンテン","でらっくすふぁうんてん|ゔぃぶろす","","200","継承固有|速度","レース終盤の最終直線に入ったとき中団にいると残り300ｍを切ってから速度が少し上がる、レースを冷静に運べていたならすごく上がる","継承固有"
"10156","いっぱいおあげんしぇ！","いっぱいおあげんしぇ！|ゆきのびじん","","200","継承固有|速度","レース中間付近で前の方から仕掛け始める時に少しの間速度が上がるマイルレースなら効果が増える","継承固有"
"10157","心からのおもてにゃし","こころからのおもてにゃし|まんはったんかふぇ","","200","継承固有|速度","レース前半中団以降に控え続けているとレース終盤かつ最終コーナー以降に少し前に出る、長距離レースなら効果が増える","継承固有"
"10158","疾風爆走ペガサスダッシュ！","しっそうばくそうぺがさすだっしゅ！|びこーぺがさす","","200","継承固有|速度","レース後半に後方から追い抜いていた場合、残り150mを切ってから前の方にいると少しの間速度がすごく上がる","継承固有"
"10159","羅刹、赤翼にて天上へ至らん","らせつ、せきよくにててんじょうへいたらん|どぅらめんて","","200","継承固有|速度","レース中間地点で後方にいると速度が上がる、その後終盤の最終コーナーで追い抜こうとすると短い間わずかに前に出る","継承固有"
"10160","百錬成鋼","ひゃくれんせいこう|いくのでぃくたす","","200","継承固有|速度","レースを冷静に運ぶことができるとラストスパートの最中に速度を少し上げ続ける","継承固有"
"10161","Info: Acquired","いんふぉーあくわいあーど|とらんせんど","","200","継承固有|速度","レース後半まで前方をキープしていてライバルのウマ娘が加速スキルを発動すると少し前に出る、さらにURAのダートレースなら速度がわずかに上がる","継承固有"
"10162","繋ぐ・繋がる×夢・未来","つなぐつながるゆめみらい|らいんくらふと","","200","継承固有|速度","レース前半のコーナーで中団にいると速度を少し上げる、短距離かマイルレースの場合は少し上げ続ける","継承固有"
"10163","蒼炎","そうえん|だいいちるびー","","200","継承固有|速度","レース中間付近で中団にいると速度が少し上がるマイルレースなら効果と時間が増える","継承固有"
"10164","ノッてけ、マッシュアップ！","のってけ、まっしゅあっぷ！|だいたくへりおす","","200","継承固有|速度|持久力消費","レース序盤に前方で競り合ったとき速度を上げる、マイルレースなら持久力を使って速度をすごく上げる","継承固有"
"10165","GO! Full-send","ごー！ふるせんど|ういにんぐちけっと","","200","継承固有|速度","レース中盤に中団で追い抜くと第3コーナーで少しの間速度が上がる2400ｍのレースで人気が高いと上げ続ける","継承固有"
"10166","ヴィヴァーチェ・ヴォラーレ","ゔぃゔぁーちぇゔぉらーれ|さうんずおぶあーす","","200","継承固有|回復|速度","レース前半に中団ですぐ前かすぐ後ろにウマ娘が長くいると持久力をわずかに回復する、その後レース中間付近の直線で少しの間速度がすごく上がる","継承固有"
"10167","忍法・ほほえみ心結の印","にんぽうほほえみこころむずびのいん|すーぱーくりーく","","200","継承固有|速度|回復","レース中盤のコーナーで好位置にいると持久力を回復するさらに中距離か長距離レースなら速度を少し上げ続ける","継承固有"
"10168","剛勇果断、烈火之刀","ごうゆうかだん、れっかのたち|やえのむてき","","200","継承固有|速度","レース中間付近で競り合っているとレース後半のどこかで速度が上がるスキル発動時、内ラチ側にいると効果が増える","継承固有"
"10169","Shining Runway","しゃいにんぐらんうぇい|のーすふらいと","","200","継承固有|速度","最終コーナーで好位置にいると少しの間速度が上がるマイルレースなら効果時間が増える","継承固有"
"10170","理想へのwinding road","りそうへのうぃんでぃんぐろーど|きんぐへいろー","","200","継承固有|速度","残り600mを切って中団で外から追い抜いていると、ラストスパートの最中に速度を上げ続ける","継承固有"
"10171","とっておきmaterialize","とっておきまてりあらいず|すいーぷとうしょう","","200","継承固有|速度|持久力消費","レース中盤以降の下り坂で後方にいると持久力を少し使って短い間前に出るその後やる気が好調か絶好調だと終盤の最終直線で短い間速度が上がる","継承固有"
"10172","超光速微粒子の可能性","ちょうこうそくびりゅうしのかのうせい|あぐねすたきおん","","200","継承固有|速度","終盤の最終コーナー以降で前方だと少しの間速度がすごく上がる中距離レースでは効果が変わり少しの間すごく前に出る","継承固有"
"10173","Faith in the Feral","ふぇいすいんざふぇらる|じゃんぐるぽけっと","","200","継承固有|速度","レース中間地点で中団にいると速度が上がる中距離レースならすごく上がる","継承固有"
"10174","『それでは、よき旅を』","それでは、よきたびを|どりーむじゃーにー","","200","継承固有|速度","終盤突入時に後方にいるときゴールまで遠いと短い間少し前に出る、中山か阪神レース場の中距離か長距離レースならその後直線で短い間すごく前に出る","継承固有"
"10175","あおぞらクッキング♪","あおぞらくっきんぐ|らいすしゃわー","","200","継承固有|速度","終盤の最終コーナーで前方にいると速度が上がる、京都レース場の長距離レースならものすごく上がる","継承固有"
"10176","無二無三なる一条の路","むにむさんなるいちじょうのみち|かるすとんらいとお","","200","継承固有|速度","4ハロン目で前方にいると少しの間速度が上がる、「無二」「無三」を両方発動していると効果量が変わり少しの間速度がとてつもなく上がる","継承固有"
"10177","潮風のGeschenk","しおかぜのげっしぇんく|えいしんふらっしゅ","","200","継承固有|速度","最終コーナーで中団にいると前に出る東京レース場のレースならすごく前に出る＜中距離＞","継承固有"
"10178","とびだせ☆ポッピングシェル","とびだせぽっぴんぐしぇる|ほっこーたるまえ","","200","継承固有|速度","レース中間地点で速度が少し上がるさらにダートレースでスキル発動時第3コーナーにいない場合加えて速度がわずかに上がる","継承固有"
"10179","烈華の洗礼","れっかのせんれい|じぇんてぃるどんな","","200","継承固有|速度","レース前半のコーナーで前方にいると速度が少し上がる、その後終盤の最終直線で先団にいると短い間速度がすごく上がる","継承固有"
"10180","Encounter with U","えんかうんたーうぃずゆー|ねおゆにゔぁーす","","200","継承固有|速度","終盤の最終直線で2番手以降だと速度が上がる、レース中盤にスキルをちょうど7回かちょうど13回発動しているとものすごく上がる","継承固有"
"10181","未知との遭遇、即ち物語","みちとのそうぐう、すなわちものがたり|ぜんのろぶろい","","200","継承固有|速度","終盤の最終直線で前方にいると速度が少し上がる、さらに東京レース場の中距離か中山レース場の2500mのレースでは少し前に出る","継承固有"
"10182","Guiding Sea","がいでぃんぐしー|しーざりお","","200","継承固有|速度|加速","残り800m地点で中団だと少しの間少し前に出て加速力がちょっと上がるさらに根幹距離のレースで後方だと加えて加速力がわずかに上がる","継承固有"
"10183","Lame de vent","らむどゔぁん|でゅらんだる","","200","継承固有|速度","最終コーナーで追い抜くとラストスパートで速度が上がる短距離かマイルレースでスキル発動時中団にいるとすごく上がる","継承固有"
"10184","Oh!bento-magic☆","おー！べんとーまじっく|しーきんぐざぱーる","","200","継承固有|速度","レース後半に前方で追い抜こうとすると少し前に出る、短距離かマイルレースならその後最終コーナーで追い抜くと速度がわずかに上がる","継承固有"
"10185","HOP STEP♪LOCK ON!","ほっぷすてっぷろっくおん|まやのとっぷがん","","200","継承固有|回復|速度","レース中盤以降に先頭にいるか3番手以内で追い抜こうとすると持久力をすごく回復し少し前に出続ける","継承固有"
"10186","ふくらむ夢、先駆の途","ふくらむゆめ、せんくのみち|ばぶるがむふぇろー","","200","継承固有|速度","終盤が迫ったどこかで前方だと速度が少し上がる、1600m～2000mのレースでスキル発動時、先頭か先頭から4バ身以内だとすごく上がる","継承固有"
"10187","勝利ヘ至ル累積","しょうりへいたるるいせき|びわはやひで","","200","継承固有|速度","レース中間地点で前方にいると速度が上がる、長距離レースの前半のコーナーで競り合っていた場合はものすごく上がる","継承固有"
"10188","Overdrive Speed","おーばーどらいぶすぴーど|なりたたいしん","","200","継承固有|速度|加速","レース終盤のコーナーで後方にいるときゴールまで遠いと少しの間前に出る中山レース場の中距離レースなら効果が増えてさらに加速力がちょっと上がる","継承固有"
"10189","辿る血脈、芽吹く未来","たどるけつみゃく、めぶくみらい|えあめさいあ","","200","継承固有|速度","レース中間付近で中団にいると速度を少し上げ続けるそこが上り坂なら効果が増える","継承固有"
"10190","Joy to the World","じょいとぅざわーるど|なりたとっぷろーど","","200","継承固有|速度|回復","レース中盤始めにスキルで持久力を回復していて、レース中間付近以降で好位置にいると速度が少し上がるゴールまですごく遠いとすごく上がる","継承固有"
"10191","Crystal Mist","くりすたるみすと|あどまいやべが","","200","継承固有|加速","最終コーナー以降で中団以降にいると加速力が上がる、2400mのレースならすごく上がる＜作戦・追込＞","継承固有"
"10192","鋭気のアレグロ","えいきのあれぐろ|ういんばりあしおん","","200","継承固有|速度","レース中盤以降に追い抜くと終盤の最終直線に入ったとき少しの間速度が上がる作戦が追込で中盤以降に3回以上追い抜くと少しの間ものすごく上がる","継承固有"
"10193","演舞・撫子大薙刀","えんぶなでしこおおなぎなた|ぐらすわんだー","","200","継承固有|速度","レース後半で中団にいるとき追い抜こうとするか近寄られると残り400m地点で速度が上がる非根幹距離のレースならすごく上がる","継承固有"
"10194","決意一筆","けついひとふで|かつらぎえーす","","200","継承固有|速度|回復","レース後半まで前方をキープしていると長時間速度を少し上げ続ける「大逃げ」が発動していると効果が変わり持久力をすごく回復する＜中距離＞","継承固有"
"10195","爛然闊歩","らんぜんかっぽ|みすたーしーびー","","200","継承固有|速度","レース後半に後方にいると残りの持久力に応じたロングスパートをかけて速度をわずかに上げ続ける","継承固有"
"10196","霊験灼然チョベリグ神託","れいげんしゃくぜんちょべりぐしんたく|まるぜんすきー","","200","継承固有|速度","レース中盤始めに前方にいるとき追い抜こうとするか近寄られると少しの間少し前に出る、マイルレースなら少しの間すごく前に出る","継承固有"
"10197","『船橋最強！』","ふなばしさいきょう！|ふりおーそ","","200","継承固有|速度","レース中盤に前方で競り合うとレース後半に少しの間速度が上がる大井か川崎か船橋レース場なら上げ続ける","継承固有"
"10198","ふわもこアワー","ふわもこあわー|あすとんまーちゃん","","200","継承固有|速度","レース中間付近で前方にいると速度が上がる、賢さが十二分に高いとすごく上がる＜短距離＞","継承固有"
"10199","Breezy Treat","ぶりーじーとりーと|やまにんぜふぁー","","200","継承固有|速度","残り350m地点で前方にいると少しの間前に出る、さらにマイルレースなら速度がわずかに上がる","継承固有"
"10200","我が覇道、阻むものなし","わがはどう、はばむものなし|おるふぇーゔる","","200","継承固有|速度","残り1000m地点で少し前に出続ける中距離か長距離レースで全ての基礎能力が十分に高いと前に出続ける＜作戦・追込＞","継承固有"
"10201","燃え盛るは絶対の意志","もえさかるはぜったいのいし|つるまるつよし","","200","継承固有|速度","レース終盤に追い抜くと最終直線で速度が上がる","継承固有"
"10202","¡Qué alegría!","けあれぐりあ！|ぐらんあれぐりあ","","200","継承固有|速度","レース中間地点で中団以降にいると短い間前に出る、短距離かマイルレースならその後ラストスパートで短い間すごく前に出る","継承固有"
"10203","知宵欺敵、百戦不殆","よいをしりてきをあざむかば、ひゃくせんあやうからず|のーりーずん","","200","継承固有|速度","レース後半の第3コーナーで中団にいると少しの間速度が上がるその後終盤の最終直線で追い抜こうとすると速度がわずかに上がる","継承固有"
"10204","Romantic Horizon","ろまんてぃっくほらいずん|たっぷだんすしちー","","200","継承固有|速度|加速","終盤が迫ったどこかで前方にいると速度を少し上げ続けるさらに3番手以内なら加速力をちょっと上げ続ける＜中距離＞","継承固有"
"10205","深淵のテルプシコラー","しんえんのてるぷしこらー|たにのぎむれっと","","200","継承固有|速度","レース終盤に後方にいると少し前に出るマイルレースで最後方付近に控え続けているとすごく前に出る","継承固有"
"10206","駆るは光、狩るは星々","かるはひかり、かるはほしぼし|しりうすしんぼり","","200","継承固有|速度","レース中間付近で中団にいると速度を少し上げ続ける中距離レースでパワーが十二分に高いと長めに速度を少し上げ続ける","継承固有"
"10207","対象捕捉！正義遂行！","たいしょうほそく！せいぎすいこう！|ふぇのーめの","","200","継承固有|速度","レース後半の直線で中団にいると速度が上がる、長距離レースなら効果が増える","継承固有"
"10208","五獣挙りて彩光奏づ","ごじゅうこぞりてさいこうかなづ|こぱのりっきー","","200","継承固有|速度","レース終盤に前方にいるときゴールまで遠いと前に出る＜ダート＞","継承固有"
"10209","Forward March!","ふぉーわーどまーち！|すまーとふぁるこん","","200","継承固有|速度","レース後半に速度が上がる出遅れず前方をキープしているとものすごく上がる＜ダート＞","継承固有"
"10210","Queen's Rebirth","くいーんずりばーす|ゔぃるしーな","","200","継承固有|速度","レース前半のコーナーで前方だと短い間速度が上がる、マイルか中距離レースならその後終盤の最終直線で近寄られると少しの間少し前に出る＜芝＞","継承固有"
"10211","Circulating Love♡","さーきゅれーてぃんぐらぶ|らゔずおんりーゆー","","200","継承固有|速度","終盤が迫ったどこかで速度がわずかに上がる、中距離レースならファンから受け取ったラヴに応じて最大3倍まで効果が増える＜差し・芝＞","継承固有"
"10212","解けぬ結い目","ほどけぬぬいめ|めじろらもーぬ","","200","継承固有|速度","残り300m地点で前方にいると速度が少し上がるスキル発動時、先頭か先頭から2バ身以内だとすごく上がる＜作戦・先行＞","継承固有"
"10213","時かけるせせらぎ","ときかけるせせらぎ|しーざりお","","200","継承固有|速度","ラストスパートで少しの間速度がすごく上がる、中距離レースなら効果が増える＜作戦・先行＞","継承固有"
"10214","Weaving History","うぃーびんぐひすとりー|くろのじぇねしす","","200","継承固有|速度","レース中間付近で少しの間速度を少し上げる、中距離か長距離レースならこのスキルと覚醒スキル進化をしたスキルの効果時間が2倍になる＜先行・芝＞","継承固有"
"10215","Silent Sunset Gold","さいれんとさんせっとごーるど|ごーるどしちー","","200","継承固有|速度","レース中間付近で中団にいると短い間速度が少し上がる、その後終盤のコーナーで競り合っていた場合残り350m地点で短い間速度がすごく上がる","継承固有"
"10216","全力全開！サイクロン","ぜんりょくぜんかい！さいくろん|あいねすふうじん","","200","継承固有|速度","中盤が迫ったとき前方にいると速度がわずかに上がる中距離レースならその後中盤の直線で速度が少し上がる","継承固有"
"10217","ホップステップ・ゲッチュ♡","ほっぷすてっぷげっちゅ|ふさいちぱんどら","","200","継承固有|速度","レース前半のコーナーで好位置にいると速度が上がる、2200mのレースなら上げ続ける","継承固有"
"10218","ずっとずっと輝いて","ずっとずっとかがやいて|らいんくらふと","","200","継承固有|速度|加速","トリプルティアラのコースだと終盤のコーナーで少しの間少し前に出るさらにそこが下り坂なら加速力がわずかに上がる","継承固有"
"10219","夏雷カスケード！","はーろいかすけーど！|さとのくらうん|なつかみなりかすけーど","","200","継承固有|速度","レース中盤始めに追い抜くと少しの間すごく前に出る中距離レースなら少しの間ものすごく前に出る＜作戦・差し＞","継承固有"
"10220","Tidebreaker","たいどぶれいかー|しゅゔぁるぐらん","","200","継承固有|速度|回復","レース中間付近で中団だと長めに速度を少し上げ続け、持久力を回復する3000m未満のレースなら持久力を回復せず長めに速度を上げ続ける＜長距離＞","継承固有"
"10221","ジュ・テーム☆バカンス！","じゅてーむばかんす！|ゔぃぶろす","","200","継承固有|速度","レース後半の第3コーナーで中団にいると速度が少し上がる2000mのレースでそこが上り坂なら効果と時間が増える","継承固有"
"10222","スカーレットリリィの高揚","すかーれっとりりぃのこうよう|すてぃるいんらぶ","","200","継承固有|速度|加速","残り300m地点で中団にいると速度がすごく上がる、または中距離レースで「衝動」が発動しているとレース終盤のコーナーで順位によらず加速力が上がる","継承固有"
"10223","きせき・おもい・かなで","きせきおもいかなで|けいえすみらくる","","200","継承固有|速度","レース中盤に中団で競り合っていた場合ラストスパートで速度が上がるさらに短距離レースでスキル発動時3番手以内ならわずかに前に出る","継承固有"
"10224","小さな奇跡、フォーユー♪","ちいさなきせき、ふぉーゆー|ひしみらくる","","200","継承固有|速度","レース中盤に追い抜こうとすると短い間少し前に出る、その後終盤の最終コーナー後半で中団以降にいると少しの間速度が上がる","継承固有"
"10225","Punkish Bite","ぱんきっしゅばいと|えすぽわーるしちー","","200","継承固有|速度|加速","レース終盤のコーナーで少しの間少し前に出る、ダートレースなら効果が増えてさらに加速力がちょっと上がる＜逃げ/先行＞","継承固有"
"10226","念い、信ずればこそ","おもい、しんずればこそ|びりーゔ","","200","継承固有|速度|回復","レース終盤突入時に前方にいるとわずかに前に出る短距離レースならゴールするまでわずかに前に出続ける＜作戦・先行＞","継承固有"
"20001","右回りの鬼","みぎまわりのおに","20002","130","パッシブ","右回りコースが得意になりスピードとパワーが上昇する","緑スキル"
"20002","右回り◎","みぎまわり◎","20003","110","パッシブ","右回りコースが得意になる","緑スキル"
"20003","右回り○","みぎまわり○","","90","パッシブ","右回りコースが少し得意になる","緑スキル"
"20004","左回りの鬼","ひだりまわりのおに","20005","130","パッシブ","左回りコースが得意になりスピードとパワーが上昇する","緑スキル"
"20005","左回り◎","ひだりまわり◎","20006","110","パッシブ","左回りコースが得意になる","緑スキル"
"20006","左回り○","ひだりまわり○","","90","パッシブ","左回りコースが少し得意になる","緑スキル"
"20007","直線コース◎","ちょくせんこーす◎","20008","90","パッシブ","直線のコースが得意になる","緑スキル"
"20008","直線コース○","ちょくせんこーす○","","70","パッシブ","直線のコースが少し得意になる","緑スキル"
"20009","府中の申し子","ふちゅうのもうしご","20010","130","パッシブ","東京レース場が得意になりスタミナ、賢さ、スピードが上昇する","緑スキル"
"20010","東京レース場◎","とうきょうれーすじょう◎","20011","110","パッシブ","東京レース場が得意になる","緑スキル"
"20011","東京レース場○","とうきょうれーすじょう○","","90","パッシブ","東京レース場が少し得意になる","緑スキル"
"20012","中山レース場◎","なかやまれーすじょう◎","20013","110","パッシブ","中山レース場が得意になる","緑スキル"
"20013","中山レース場○","なかやまれーすじょう○","","90","パッシブ","中山レース場が少し得意になる","緑スキル"
"20014","阪神レース場◎","はんしんれーすじょう◎","20015","110","パッシブ","阪神レース場が得意になる","緑スキル"
"20015","阪神レース場○","はんしんれーすじょう○","","90","パッシブ","阪神レース場が少し得意になる","緑スキル"
"20016","淀の申し子","よどのもうしご","20017","130","パッシブ","京都レース場が得意になりスタミナ、賢さ、スピードが上昇する","緑スキル"
"20017","京都レース場◎","きょうとれーすじょう◎","20018","110","パッシブ","京都レース場が得意になる","緑スキル"
"20018","京都レース場○","きょうとれーすじょう○","","90","パッシブ","京都レース場が少し得意になる","緑スキル"
"20019","中京レース場◎","ちゅうきょうれーすじょう◎","20020","110","パッシブ","中京レース場が得意になる","緑スキル"
"20020","中京レース場○","ちゅうきょうれーすじょう○","","90","パッシブ","中京レース場が少し得意になる","緑スキル"
"20021","札幌レース場◎","さっぽろれーすじょう◎","20022","110","パッシブ","札幌レース場が得意になる","緑スキル"
"20022","札幌レース場○","さっぽろれーすじょう○","","90","パッシブ","札幌レース場が少し得意になる","緑スキル"
"20023","函館レース場◎","はこだてれーすじょう◎","20024","90","パッシブ","函館レース場が得意になる","緑スキル"
"20024","函館レース場○","はこだてれーすじょう○","","70","パッシブ","函館レース場が少し得意になる","緑スキル"
"20025","福島レース場◎","ふくしまれーすじょう◎","20026","90","パッシブ","福島レース場が得意になる","緑スキル"
"20026","福島レース場○","ふくしまれーすじょう○","","70","パッシブ","福島レース場が少し得意になる","緑スキル"
"20027","新潟レース場◎","にいがたれーすじょう◎","20028","90","パッシブ","新潟レース場が得意になる","緑スキル"
"20028","新潟レース場○","にいがたれーすじょう○","","70","パッシブ","新潟レース場が少し得意になる","緑スキル"
"20029","小倉レース場◎","こくられーすじょう◎","20030","90","パッシブ","小倉レース場が得意になる","緑スキル"
"20030","小倉レース場○","こくられーすじょう○","","70","パッシブ","小倉レース場が少し得意になる","緑スキル"
"20031","大井レース場◎","おおいれーすじょう◎","20032","110","パッシブ","大井レース場が得意になる","緑スキル"
"20032","大井レース場○","おおいれーすじょう○","","90","パッシブ","大井レース場が少し得意になる","緑スキル"
"20033","川崎レース場◎","かわさきれーすじょう◎","20034","90","パッシブ","川崎レース場が得意になる","緑スキル"
"20034","川崎レース場○","かわさきれーすじょう○","","70","パッシブ","川崎レース場が少し得意になる","緑スキル"
"20035","船橋レース場◎","ふなばしれーすじょう◎","20036","90","パッシブ","船橋レース場が得意になる","緑スキル"
"20036","船橋レース場○","ふなばしれーすじょう○","","70","パッシブ","船橋レース場が少し得意になる","緑スキル"
"20037","盛岡レース場◎","もりおかれーすじょう◎","20038","90","パッシブ","盛岡レース場が得意になる","緑スキル"
"20038","盛岡レース場○","もりおかれーすじょう○","","70","パッシブ","盛岡レース場が少し得意になる","緑スキル"
"20039","ロンシャンの申し子","ろんしゃんのもうしご","20040","130","パッシブ","ロンシャンレース場が得意になりスタミナ、賢さ、スピードが上昇する","緑スキル"
"20040","ロンシャンレース場◎","ろんしゃんれーすじょう◎","20041","90","パッシブ","ロンシャンレース場が得意になる","緑スキル"
"20041","ロンシャンレース場○","ろんしゃんれーすじょう○","","70","パッシブ","ロンシャンレース場が少し得意になる","緑スキル"
"20042","根幹距離◎","こんかんきょり◎","20043","110","パッシブ","根幹距離（400mの倍数）が得意になる","緑スキル"
"20043","根幹距離○","こんかんきょり○","","90","パッシブ","根幹距離（400mの倍数）が少し得意になる","緑スキル"
"20044","非根幹距離◎","ひこんかんきょり◎","20045","110","パッシブ","非根幹距離（400mの倍数以外）が得意になる","緑スキル"
"20045","非根幹距離○","ひこんかんきょり○","","90","パッシブ","非根幹距離（400mの倍数以外）が少し得意になる","緑スキル"
"20046","良バ場の鬼","りょうばばのおに","20047","130","パッシブ","「良」のバ場状態が得意になりパワーとスピードが上昇する","緑スキル"
"20047","良バ場◎","りょうばば◎","20048","110","パッシブ","「良」のバ場状態が得意になる","緑スキル"
"20048","良バ場○","りょうばば○","","90","パッシブ","「良」のバ場状態が少し得意になる","緑スキル"
"20049","道悪の鬼","みちわるのおに","20050","130","パッシブ","「稍重」「重」「不良」のバ場状態が得意になりパワーとスピードが上昇する","緑スキル"
"20050","道悪◎","みちわる◎","20051","110","パッシブ","「稍重」「重」「不良」のバ場状態が得意になる","緑スキル"
"20051","道悪○","みちわる○","","90","パッシブ","「稍重」「重」「不良」のバ場状態が少し得意になる","緑スキル"
"20052","春一番","はるいちばん","20053","130","パッシブ","春のレースが得意になりスピードとパワーが上昇する","緑スキル"
"20053","春ウマ娘◎","はるうまむすめ◎","20054","110","パッシブ","春のレースが得意になる","緑スキル"
"20054","春ウマ娘○","はるうまむすめ○","","90","パッシブ","春のレースが少し得意になる","緑スキル"
"20055","青嵐","せいらん|あおあらし","20056","130","パッシブ","夏のレースが得意になりスピードとパワーが上昇する","緑スキル"
"20056","夏ウマ娘◎","なつうまむすめ◎","20057","110","パッシブ","夏のレースが得意になる","緑スキル"
"20057","夏ウマ娘○","なつうまむすめ○","","90","パッシブ","夏のレースが少し得意になる","緑スキル"
"20058","初嵐","はつあらし","20059","130","パッシブ","秋のレースが得意になりスピードとパワーが上昇する","緑スキル"
"20059","秋ウマ娘◎","あきうまむすめ◎","20060","110","パッシブ","秋のレースが得意になる","緑スキル"
"20060","秋ウマ娘○","あきうまむすめ○","","90","パッシブ","秋のレースが少し得意になる","緑スキル"
"20061","凍て風","いてかぜ","20062","130","パッシブ","冬のレースが得意になりスピードとパワーが上昇する","緑スキル"
"20062","冬ウマ娘◎","ふゆうまむすめ◎","20063","110","パッシブ","冬のレースが得意になる","緑スキル"
"20063","冬ウマ娘○","ふゆうまむすめ○","","90","パッシブ","冬のレースが少し得意になる","緑スキル"
"20064","晴れの日◎","はれのひ◎","20065","110","パッシブ","晴れの日のレースが得意になる","緑スキル"
"20065","晴れの日○","はれのひ○","","90","パッシブ","晴れの日のレースが少し得意になる","緑スキル"
"20066","曇りの日◎","くもりのひ◎","20067","110","パッシブ","曇りの日のレースが得意になる","緑スキル"
"20067","曇りの日○","くもりのひ○","","90","パッシブ","曇りの日のレースが少し得意になる","緑スキル"
"20068","雨の日◎","あめのひ◎","20069","110","パッシブ","雨の日のレースが得意になる","緑スキル"
"20069","雨の日○","あめのひ○","","90","パッシブ","雨の日のレースが少し得意になる","緑スキル"
"20070","雪の日◎","ゆきのひ◎","20071","110","パッシブ","雪の日のレースが得意になる","緑スキル"
"20071","雪の日○","ゆきのひ○","","90","パッシブ","雪の日のレースが少し得意になる","緑スキル"
"20072","内枠得意◎","うちわくとくい◎","20073","110","パッシブ","枠番が1～3のレースが得意になる","緑スキル"
"20073","内枠得意○","うちわくとくい○","","90","パッシブ","枠番が1～3のレースが少し得意になる","緑スキル"
"20074","外枠得意◎","そとわくとくい◎","20075","110","パッシブ","枠番が6～8のレースが得意になる","緑スキル"
"20075","外枠得意○","そとわくとくい○","","90","パッシブ","枠番が6～8のレースが少し得意になる","緑スキル"
"20076","おひとり様◎","おひとりさま◎","20077","110","パッシブ","自分と同じ作戦のウマ娘がいないと能力をすごく発揮しやすい","緑スキル"
"20077","おひとり様○","おひとりさま○","","90","パッシブ","自分と同じ作戦のウマ娘がいないと能力を発揮しやすい","緑スキル"
"20078","対抗意識◎","たいこういしき◎","20079","110","パッシブ","自分と同じ作戦のウマ娘が多いと能力を発揮しやすい","緑スキル"
"20079","対抗意識○","たいこういしき○","","90","パッシブ","自分と同じ作戦のウマ娘が多いと能力を少し発揮しやすい","緑スキル"
"20080","徹底マーク◎","てっていまーく◎","20081","110","パッシブ","1番人気のウマ娘と作戦が同じだと能力を発揮しやすい","緑スキル"
"20081","徹底マーク○","てっていまーく○","","90","パッシブ","1番人気のウマ娘と作戦が同じだと能力を少し発揮しやすい","緑スキル"
"20082","伏兵◎","ふくへい◎","20083","110","パッシブ","4番人気以下のレースで能力を発揮しやすい","緑スキル"
"20083","伏兵○","ふくへい○","","90","パッシブ","4番人気以下のレースで能力を少し発揮しやすい","緑スキル"
"20084","ナイター◎","ないたー◎","20085","90","パッシブ","ナイターのレースが得意になる","緑スキル"
"20085","ナイター○","ないたー○","","70","パッシブ","ナイターのレースが少し得意になる","緑スキル"
"20086","小回り◎","こまわり◎","20087","90","パッシブ","小回りのコースが得意になる","緑スキル"
"20087","小回り○","こまわり○","","70","パッシブ","小回りのコースが少し得意になる","緑スキル"
"20088","交流重賞の鬼","こうりゅうじゅうしょうのおに","20089","130","パッシブ","交流重賞のレースが得意になりスピードとパワーが上昇する","緑スキル"
"20089","交流重賞◎","こうりゅうじゅうしょう◎","20090","90","パッシブ","交流重賞のレースが得意になる","緑スキル"
"20090","交流重賞○","こうりゅうじゅうしょう○","","70","パッシブ","交流重賞のレースが少し得意になる","緑スキル"
"20091","逃げのコツ◎","にげのこつ◎","20092","130","パッシブ","良い位置につきやすくなる＜作戦・逃げ＞","緑スキル"
"20092","逃げのコツ○","にげのこつ○","","110","パッシブ","良い位置に少しつきやすくなる＜作戦・逃げ＞","緑スキル"
"20093","先行のコツ◎","せんこうのこつ◎","20094","130","パッシブ","良い位置につきやすくなる＜作戦・先行＞","緑スキル"
"20094","先行のコツ○","せんこうのこつ○","","110","パッシブ","良い位置に少しつきやすくなる＜作戦・先行＞","緑スキル"
"20095","差しのコツ◎","さしのこつ◎","20096","130","パッシブ","良い位置につきやすくなる＜作戦・差し＞","緑スキル"
"20096","差しのコツ○","さしのこつ○","","110","パッシブ","良い位置に少しつきやすくなる＜作戦・差し＞","緑スキル"
"20097","追込のコツ◎","おいこみのこつ◎","20098","130","パッシブ","良い位置につきやすくなる＜作戦・追込＞","緑スキル"
"20098","追込のコツ○","おいこみのこつ○","","110","パッシブ","良い位置に少しつきやすくなる＜作戦・追込＞","緑スキル"
"20099","スーパーラッキーセブン","すーぱーらっきーせぶん","20100","110","パッシブ","枠番が7の時に良いことが起きる場合がある","緑スキル"
"20100","ラッキーセブン","らっきーせぶん","","110","パッシブ","枠番が7の時に少し良いことが起きる場合がある","緑スキル"
"20101","コネクト","こねくと","20102","150","パッシブ","「シンパシー」を持つウマ娘がいるレースだとスピードが上がりさらに全員の持つ「シンパシー」を条件を無視して発動させる＜芝＞","緑スキル"
"20102","シンパシー","しんぱしー","","70","パッシブ","「シンパシー」を持つウマ娘が多いレースだとスピードが少し上がる","緑スキル"
"20103","一匹狼","いっぴきおおかみ","","70","パッシブ","自分だけが「一匹狼」を持つレースだとスピードが少し上がる","緑スキル"
"20104","自制心","じせいしん","","160","パッシブ","賢さが上がり、少し掛かりづらくなる","緑スキル"
"20105","抜群の踏み込み","ばつぐんのふみこみ","20106","120","パッシブ","パワーが十分に強いとスピードが上がるパワーが十二分に仕上がっている場合はすごく上がる＜ダート＞","緑スキル"
"20106","踏み込み上手","ふみこみじょうず","","120","パッシブ","パワーが十分に強いとスピードがわずかに上がる、パワーが十二分に仕上がっている場合は少し上がる＜ダート＞","緑スキル"
"20107","泥んこマイスター","どろんこまいすたー","20108","130","パッシブ","バ場状態が重か不良のレースが得意になりスピードとパワーが上がる＜ダート＞","緑スキル"
"20108","泥遊び◎","どろあそび◎","20109","110","パッシブ","バ場状態が重か不良のレースが得意になりスピードが上がる＜ダート＞","緑スキル"
"20109","泥遊び○","どろあそび○","","90","パッシブ","バ場状態が重か不良のレースが得意になりスピードが少し上がる＜ダート＞","緑スキル"
"20110","勝負師","しょうぶし","20111","180","パッシブ","レースでたまにさらなる力を発揮しスピード、パワー、根性がすごく上がる人気が低いと力を発揮しやすくなる","緑スキル"
"20111","やまっけ","やまっけ","","180","パッシブ","レースでごくまれにさらなる力を発揮しスピード、パワー、根性が少し上がる人気が低いと力を発揮しやすくなる","緑スキル"
"20112","雲蒸竜変","うんじょうりゅうへん","20113","180","パッシブ","スピードとパワーが十分に強いとスピードとパワーが上がる＜マイル/中距離＞","緑スキル"
"20113","自信家","じしんか","","180","パッシブ","スピードとパワーが十分に強いとスピードとパワーがわずかに上がる＜マイル/中距離＞","緑スキル"
"20114","シンギュラリティ","しんぎゅらりてぃ","20115","120","パッシブ","スピードが十二分に高いとスピードが上がる、賢さも十二分ならスピードがすごく上がる＜先行・中距離＞","緑スキル"
"20115","探求心","たんきゅうしん","","120","パッシブ","スピードが十二分に高いとスピードがわずかに上がる、賢さも十二分ならスピードが少し上がる＜先行・中距離＞","緑スキル"
"20116","衝動","しょうどう","","320","パッシブ","全ての基礎能力がわずかに上がる＜差し・芝＞","緑スキル"
"20117","精神力","せいしんりょく","","120","パッシブ","スピードが十二分に高いとスピードがわずかに上がる、パワーも十二分ならスピードが少し上がる＜差し・中距離＞","緑スキル"
"30001","弧線のプロフェッサー","こせんのぷろふぇっさー","30002","180","速度","コーナーが得意になり速度が上がる","通常スキル"
"30002","コーナー巧者○","こーなーこうしゃ","","180","速度","コーナーが得意になり速度がわずかに上がる","通常スキル"
"30003","曲線のソムリエ","きょくせんのそむりえ","30004","180","加速","華麗なコーナーワークで加速力が上がる","通常スキル"
"30004","コーナー加速○","こーなーかそく","","180","加速","華麗なコーナーワークで加速力がわずかに上がる","通常スキル"
"30005","円弧のマエストロ","えんこのまえすとろ","30006","170","回復","無駄のないコーナリングで持久力が回復する","通常スキル"
"30006","コーナー回復○","こーなーかいふく","","170","回復","無駄のないコーナリングで持久力がわずかに回復する","通常スキル"
"30007","ハヤテ一文字","はやていちもんじ","30008","180","速度","直線で速度が上がる","通常スキル"
"30008","直線巧者","ちょくせんこうしゃ","","180","速度","直線で速度がわずかに上がる","通常スキル"
"30009","一陣の風","いちじんのかぜ","30010","170","加速|速度","直線で加速力が上がり速度がわずかに上がる","通常スキル"
"30010","直線加速","ちょくせんかそく","","170","加速","直線で加速力がわずかに上がる","通常スキル"
"30011","好転一息","こうてんいっそく|こんてんひといき","30012","170","回復","レース中盤の直線で持久力が回復する","通常スキル"
"30012","直線回復","ちょくせんかいふく","","170","回復","レース中盤の直線で持久力がわずかに回復する","通常スキル"
"30013","コンセントレーション","こんせんとれーしょん","30014","140","スタート","スタートが得意になり出遅れる時間が少なくなる","通常スキル"
"30014","集中力","しゅうちゅうりょく","","140","スタート","スタートが得意になり出遅れる時間がわずかに少なくなる","通常スキル"
"30015","鋼の意志","はがねのいし","30016","160","回復|コース取り","レース序盤または中盤に前が詰まると強い意志を保ち持久力が回復しコース取りがうまくなる","通常スキル"
"30016","隠れ蓑","かくれみの","","160","回復|コース取り","レース序盤または中盤に前が詰まると隠れて持久力がわずかに回復しコース取りがわずかにうまくなる","通常スキル"
"30017","注目の踊り子","ちゅうもくのおどりこ","30018","120","コース取り","レース序盤にコース取りがすごくうまくなる","通常スキル"
"30018","ポジションセンス","ぽじしょんせんす","","120","コース取り","レース序盤にコース取りがうまくなる","通常スキル"
"30019","アガッてきた！","あがってきた！","30020","170","速度","レース中盤に追い抜くと速度が上がる","通常スキル"
"30020","ペースアップ","ぺーすあっぷ","","170","速度","レース中盤に追い抜くと速度がわずかに上がる","通常スキル"
"30021","不屈の心","ふくつのこころ","30022","170","回復","レース中盤に追い抜かれると持久力が回復する","通常スキル"
"30022","ペースキープ","ぺーすきーぷ","","170","回復","レース中盤に追い抜かれると持久力がわずかに回復する","通常スキル"
"30023","どこ吹く風","どこふくかぜ","30024","170","回復","レース中盤に囲まれると持久力が回復する","通常スキル"
"30024","ウマ込み冷静","うまこみれいせい","","170","回復","レース中盤に囲まれると持久力がわずかに回復する","通常スキル"
"30025","ノンストップガール","のんすとっぷがーる","30026","150","加速","ラストスパートで前が塞がれた時加速力が上がりコース取りが少しうまくなる","通常スキル"
"30026","垂れウマ回避","たれうまかいひ","","150","加速|コース取り","ラストスパートで前が塞がれた時加速力がわずかに上がりコース取りがちょっとうまくなる","通常スキル"
"30027","レーンの魔術師","れーんのまじゅつし","30028","120","コース取り","レース終盤にコース取りがうまくなる","通常スキル"
"30028","臨機応変","りんきおうへん","","120","コース取り","レース終盤にコース取りが少しうまくなる","通常スキル"
"30029","全身全霊","ぜんしんぜんれい","30030","170","速度","ラストスパートの最中に速度が上がる","通常スキル"
"30030","末脚","すえあし","","170","速度","ラストスパートの最中に速度がわずかに上がる","通常スキル"
"30031","先手必勝","せんてひっしょう","30032","120","加速","スタート時に加速力が上がる＜作戦・逃げ＞","通常スキル"
"30032","先駆け","さきがけ","","120","加速","スタート時に加速力がわずかに上がる＜作戦・逃げ＞","通常スキル"
"30033","脱出術","だっしゅつじゅつ","30034","180","速度","レース中盤に前方にいると速度が上がる＜作戦・逃げ＞","通常スキル"
"30034","急ぎ足","いそぎあし","","180","速度","レース中盤に前方にいると速度がわずかに上がる＜作戦・逃げ＞","通常スキル"
"30035","逃亡者","とうぼうしゃ","30036","180","加速","最終コーナーで先頭だと加速力が上がる＜作戦・逃げ＞","通常スキル"
"30036","押し切り準備","おしきりじゅんび","","180","加速","最終コーナーで先頭だと加速力がわずかに上がる＜作戦・逃げ＞","通常スキル"
"30037","余裕綽々","よゆうしゃくしゃく","30038","180","回復","レース中盤が迫ったとき前の方にいると疲れにくくなる＜作戦・先行＞","通常スキル"
"30038","スタミナキープ","すたみなきーぷ","","180","回復","レース中盤が迫ったとき前の方にいるとわずかに疲れにくくなる＜作戦・先行＞","通常スキル"
"30039","レースプランナー","れーすぷらんなー","30040","180","回復","レース中盤で前の方にいると疲れにくくなる＜作戦・先行＞","通常スキル"
"30040","好位追走","こういついそう","","180","回復","レース中盤で前の方にいるとわずかに疲れにくくなる＜作戦・先行＞","通常スキル"
"30041","スピードスター","すぴーどすたー","30042","180","速度","最終コーナーで前方にいると速度が上がる＜作戦・先行＞","通常スキル"
"30042","抜け出し準備","ぬけだしじゅんび","","180","速度","最終コーナーで前方にいると速度がわずかに上がる＜作戦・先行＞","通常スキル"
"30043","迅速果断","じんそくかだん","30044","180","速度","レース中盤に中団以降で速度が上がる＜作戦・差し＞","通常スキル"
"30044","位置取り押し上げ","いちどりおしあげ","","180","速度","レース中盤に中団以降で速度がわずかに上がる＜作戦・差し＞","通常スキル"
"30045","乗り換え上手","のりかえじょうず","30046","180","加速","レース終盤始めの方に中団以降にいると加速力が上がる＜作戦・差し＞","通常スキル"
"30046","差し切り体勢","さしきりたいせい","","180","加速","レース終盤始めの方に中団以降にいると加速力がわずかに上がる＜作戦・差し＞","通常スキル"
"30047","昇り龍","のぼりりゅう","30048","180","速度","最終コーナーで外から追い抜くと速度が上がる＜作戦・差し＞","通常スキル"
"30048","外差し準備","そとざしじゅんび","","180","速度","最終コーナーで外から追い抜くと速度がわずかに上がる＜作戦・差し＞","通常スキル"
"30049","眠れる獅子","ねむれるしし","30050","180","回復","レース中盤に最後方付近にいると疲れにくくなる＜作戦・追込＞","通常スキル"
"30050","後方待機","こうほうたいき","","180","回復","レース中盤に最後方付近にいるとわずかに疲れにくくなる＜作戦・追込＞","通常スキル"
"30051","疾風怒濤","しっぷうどとう","30052","180","速度","レース終盤に後方にいるとラストスパートの最中に速度を上げる＜作戦・追込＞","通常スキル"
"30052","仕掛け抜群","しかけばつぐん","","180","速度","レース終盤に後方にいるとラストスパートの最中に速度をわずかに上げる＜作戦・追込＞","通常スキル"
"30053","迫る影","せまるかげ","30054","180","加速","ラストスパートの直線で加速力が上がる＜作戦・追込＞","通常スキル"
"30054","直線一気","ちょくせんいっき","","180","加速","ラストスパートの直線で加速力がわずかに上がる＜作戦・追込＞","通常スキル"
"30055","スプリントターボ","すぷりんとたーぼ","30056","160","加速","レース終盤に加速力が上がる＜短距離＞","通常スキル"
"30056","スプリントギア","すぷりんとぎあ","","160","加速","レース終盤に加速力がわずかに上がる＜短距離＞","通常スキル"
"30057","様子見","ようすみ","","160","回復","レース中盤に後ろの方だとわずかに疲れにくくなり加速力がちょっと上がる＜短距離＞","通常スキル"
"30058","電撃の煌めき","でんげきのきらめき","30059","160","速度","レース終盤に後ろの方だと速度が上がり、加速力がちょっと上がる＜短距離＞","通常スキル"
"30059","詰め寄り","つめより","","160","速度|加速","レース終盤に後ろの方だと速度がわずかに上がり、加速力がほんのちょっと上がる＜短距離＞","通常スキル"
"30060","マイルの支配者","まいるのしはいしゃ","30061","160","速度","レース中盤が迫ったとき前方にいると速度が上がる＜マイル＞","通常スキル"
"30061","積極策","せっきょくさく","","160","速度","レース中盤が迫ったとき前方にいると速度がわずかに上がる＜マイル＞","通常スキル"
"30062","慧眼","けいがん","30063","160","回復|デバフ","レース中盤が迫ったとき後ろの方だと疲れにくくなり前の速度を少し下げる＜マイル＞","通常スキル"
"30063","展開窺い","てんかいうかがい","","160","回復|デバフ","レース中盤が迫ったとき後ろの方だとわずかに疲れにくくなり前の速度をちょっと下げる＜マイル＞","通常スキル"
"30064","豪脚","ごうきゃく","30065","160","加速","レース終盤に後ろの方だと加速力が上がる＜マイル＞","通常スキル"
"30065","上昇気流","じょうしょうきりゅう","","160","加速","レース終盤に後ろの方だと加速力がわずかに上がる＜マイル＞","通常スキル"
"30066","切り開く者","きりひらくもの","30067","160","回復","レース中盤に前の方にいると疲れにくくなる＜中距離＞","通常スキル"
"30067","前途洋々","ぜんとようよう","","160","回復","レース中盤に前の方にいるとわずかに疲れにくくなる＜中距離＞","通常スキル"
"30068","キラーチューン","きらーちゅーん","30069","160","速度","レース中盤に前の方だと速度が上がる＜中距離＞","通常スキル"
"30069","テンポアップ","てんぽあっぷ","","160","速度","レース中盤に前の方だと速度がわずかに上がる＜中距離＞","通常スキル"
"30070","勝利への執念","しょうりへのしゅうねん","30071","160","速度|加速","最終コーナー以降に詰め寄られると速度が上がり、加速力がちょっと上がる＜中距離＞","通常スキル"
"30071","食い下がり","くいさがり","","160","速度|加速","最終コーナー以降に詰め寄られると速度がわずかに上がり、加速力がほんのちょっと上がる＜中距離＞","通常スキル"
"30072","クールダウン","くーるだうん","30073","160","回復","レース中盤に息を入れて疲れにくくなる＜長距離＞","通常スキル"
"30073","深呼吸","しんこきゅう","","160","回復","レース中盤に息を入れてわずかに疲れにくくなる＜長距離＞","通常スキル"
"30074","内的体験","ないてきたいけん","30075","160","速度","最終コーナーで内ラチ側にいると速度が上がる＜長距離＞","通常スキル"
"30075","内弁慶","うちべんけい","","160","速度","最終コーナーで内ラチ側にいると速度がわずかに上がる＜長距離＞","通常スキル"
"30076","火事場のバ鹿力","かじばのばかぢから","30077","160","回復","力尽きそうになったとき持久力を回復し速度が上がる＜長距離＞","通常スキル"
"30077","別腹タンク","べつばらたんく","","160","回復","力尽きそうになったとき持久力をわずかに回復する＜長距離＞","通常スキル"
"30078","見惚れるトリック","みほれるとりっく","30079","140","デバフ","レース中盤に前の方にいると後ろの掛かったウマ娘が疲れる","通常スキル"
"30079","トリック（前）","とりっくまえ|とりっくぜん","","140","デバフ","レース中盤に前の方にいると後ろの掛かったウマ娘がわずかに疲れる","通常スキル"
"30080","トリック（後）","とりっくうしろ|とりっくこう","","140","デバフ","レース中盤に後ろの方にいると前の掛かったウマ娘がわずかに疲れる","通常スキル"
"30081","逃げ駆け引き","にげかけひき","","130","デバフ","作戦が逃げのウマ娘が掛かると落ち着くまで時間がかかる","通常スキル"
"30082","先行駆け引き","せんこうかけひき","","130","デバフ","作戦が先行のウマ娘が掛かると落ち着くまで時間がかかる","通常スキル"
"30083","差し駆け引き","さしかけひき","","130","デバフ","作戦が差しのウマ娘が掛かると落ち着くまで時間がかかる","通常スキル"
"30084","追込駆け引き","おいこみかけひき","","130","デバフ","作戦が追込のウマ娘が掛かると落ち着くまで時間がかかる","通常スキル"
"30085","逃げけん制","にげけんせい","","130","デバフ","レース序盤に作戦・逃げのウマ娘をけん制してわずかに疲れやすくする","通常スキル"
"30086","逃げ焦り","にげあせり","","130","デバフ","レース中盤に作戦・逃げのウマ娘を焦らせてわずかに疲れやすくする","通常スキル"
"30087","逃げためらい","にげためらい","","130","デバフ","レース終盤に作戦・逃げのウマ娘をためらわせて速度をわずかに下げる","通常スキル"
"30088","先行けん制","せんこうけんせい","","130","デバフ","レース序盤に作戦・先行のウマ娘をけん制してわずかに疲れやすくする","通常スキル"
"30089","先行焦り","せんこうあせり","","130","デバフ","レース中盤に作戦・先行のウマ娘を焦らせてわずかに疲れやすくする","通常スキル"
"30090","先行ためらい","せんこうためらい","","130","デバフ","レース終盤に作戦・先行のウマ娘をためらわせて速度をわずかに下げる","通常スキル"
"30091","差しけん制","さしけんせい","","130","デバフ","レース序盤に作戦・差しのウマ娘をけん制してわずかに疲れやすくする","通常スキル"
"30092","差し焦り","さしあせり","","130","デバフ","レース中盤に作戦・差しのウマ娘を焦らせてわずかに疲れやすくする","通常スキル"
"30093","差しためらい","さしためらい","","130","デバフ","レース終盤に作戦・差しのウマ娘をためらわせて速度をわずかに下げる","通常スキル"
"30094","追込けん制","おいこみけんせい","","130","デバフ","レース序盤に作戦・追込のウマ娘をけん制してわずかに疲れやすくする","通常スキル"
"30095","追込焦り","おいこみあせり","","130","デバフ","レース中盤に作戦・追込のウマ娘を焦らせてわずかに疲れやすくする","通常スキル"
"30096","追込ためらい","おいこみためらい","","130","デバフ","レース終盤に作戦・追込のウマ娘をためらわせて速度をわずかに下げる","通常スキル"
"30097","紫電一閃","しでんいっせん","30098","150","速度","直線で速度が上がる＜短距離＞","通常スキル"
"30098","短距離直線◎","たんきょりちょくせん◎","30099","110","速度","直線で速度が少し上がる＜短距離＞","通常スキル"
"30099","短距離直線○","たんきょりちょくせん○","","100","速度","直線で速度がわずかに上がる＜短距離＞","通常スキル"
"30100","紫電円刃","しでんえんじん","30101","150","速度","コーナーで速度が上がる＜短距離＞","通常スキル"
"30101","短距離コーナー◎","たんきょりこーなー◎","30102","110","速度","コーナーで速度が少し上がる＜短距離＞","通常スキル"
"30102","短距離コーナー○","たんきょりこーなー○","","100","速度","コーナーで速度がわずかに上がる＜短距離＞","通常スキル"
"30103","圧倒的リード","あっとうてきりーど","30104","170","速度","レース中盤に大きく差をつけ先頭だと速度が上がる＜短距離＞","通常スキル"
"30104","大きなリード","おおきなりーど","","170","速度","レース中盤に大きく差をつけ先頭だと速度がわずかに上がる＜短距離＞","通常スキル"
"30105","プランX","ぷらんえっくす","30106","160","加速","レース終盤が迫ったとき前の方にいると加速力が上がる＜短距離＞","通常スキル"
"30106","善後策","ぜんごさく","","160","加速","レース終盤が迫ったとき前の方にいると加速力がわずかに上がる＜短距離＞","通常スキル"
"30107","準備万全！","じゅんびばんぜん！","30108","140","コース取り|加速","レース中盤にしばらくの間コース取りが上手くなり加速力が少し上がる＜短距離＞","通常スキル"
"30108","仕掛け準備","しかけじゅんび","","140","コース取り|加速","レース中盤にしばらくの間コース取りが少し上手くなり加速力がわずかに上がる＜短距離＞","通常スキル"
"30109","悩殺術","のうさつじゅつ","30110","170","デバフ","レース序盤に前の方にいると後方のウマ娘が萎縮する＜短距離＞","通常スキル"
"30110","後方釘付","こうほうくぎづけ","","170","デバフ","レース序盤に前の方にいると後方のウマ娘が少し萎縮する＜短距離＞","通常スキル"
"30111","逃亡禁止令","とうぼうきんしれい","30112","170","デバフ","レース序盤に後ろの方にいると前方のウマ娘を焦らせ動きを少し鈍くする＜短距離＞","通常スキル"
"30112","抜け駆け禁止","ぬけがけきんし","","170","デバフ","レース序盤に後ろの方にいると前方のウマ娘をわずかに焦らせ動きをちょっと鈍くする＜短距離＞","通常スキル"
"30113","豪風一閃","ごうふういっせん","30114","150","速度","直線で速度が上がる＜マイル＞","通常スキル"
"30114","マイル直線◎","まいるちょくせん◎","30115","110","速度","直線で速度が少し上がる＜マイル＞","通常スキル"
"30115","マイル直線○","まいるちょくせん○","","100","速度","直線で速度がわずかに上がる＜マイル＞","通常スキル"
"30116","豪風円刃","ごうふうえんじん","30117","150","速度","コーナーで速度が上がる＜マイル＞","通常スキル"
"30117","マイルコーナー◎","まいるこーなー◎","30118","110","速度","コーナーで速度が少し上がる＜マイル＞","通常スキル"
"30118","マイルコーナー○","まいるこーなー○","","100","速度","コーナーで速度がわずかに上がる＜マイル＞","通常スキル"
"30119","ギアチェンジ","ぎあちぇんじ","30120","160","速度","レース中盤に前の方にいると速度が上がる＜マイル＞","通常スキル"
"30120","ギアシフト","ぎあしふと","","160","速度","レース中盤に前の方にいると速度がわずかに上がる＜マイル＞","通常スキル"
"30121","アクセル全開！","あくせるぜんかい！","30122","160","加速","レース後半に追い抜くと加速力が上がる＜マイル＞","通常スキル"
"30122","アクセラレーション","あくせられーしょん","","160","加速","レース後半に追い抜くと加速力がわずかに上がる＜マイル＞","通常スキル"
"30123","姉御肌","あねごはだ","30124","120","速度","追い抜こうとすると速度が上がる＜マイル＞","通常スキル"
"30124","負けん気","まけんき","","120","速度","追い抜こうとすると速度がわずかに上がる＜マイル＞","通常スキル"
"30125","スピードグリード","すぴーどぐりーど","30126","160","デバフ|速度","レース中盤に前の方にいると後ろの速度を少し奪う＜マイル＞","通常スキル"
"30126","スピードイーター","すぴーどいーたー","","160","デバフ|速度","レース中盤に前の方にいると後ろの速度をわずかに奪う＜マイル＞","通常スキル"
"30127","布陣","ふじん","30128","160","デバフ","レース序盤に後ろにいると前の動きを鈍くする＜マイル＞","通常スキル"
"30128","布石","ふせき","","160","デバフ","レース序盤に後ろにいると前の動きをわずかに鈍くする＜マイル＞","通常スキル"
"30129","光芒一閃","こうぼういっせん","30130","150","速度","直線で速度が上がる＜中距離＞","通常スキル"
"30130","中距離直線◎","ちゅうきょりちょくせん◎","30131","110","速度","直線で速度が少し上がる＜中距離＞","通常スキル"
"30131","中距離直線○","ちゅうきょりちょくせん○","","100","速度","直線で速度がわずかに上がる＜中距離＞","通常スキル"
"30132","光芒円刃","こうぼうえんじん","30133","150","速度","コーナーで速度が上がる＜中距離＞","通常スキル"
"30133","中距離コーナー◎","ちゅうきょりこーなー◎","30134","110","速度","コーナーで速度が少し上がる＜中距離＞","通常スキル"
"30134","中距離コーナー○","ちゅうきょりこーなー○","","100","速度","コーナーで速度がわずかに上がる＜中距離＞","通常スキル"
"30135","千里眼","せんりがん","30136","110","視野","レース序盤に観察力が高まり視野を広く持てる＜中距離＞","通常スキル"
"30136","ホークアイ","ほーくあい","","110","視野","レース序盤に観察力が高まり視野を少し広く持てる＜中距離＞","通常スキル"
"30137","ライトニングステップ","らいとにんぐすてっぷ","30138","140","コース取り|加速","レース中盤にしばらくの間コース取りが上手くなり加速力が少し上がる＜中距離＞","通常スキル"
"30138","イナズマステップ","いなずますてっぷ","","140","コース取り|加速","レース中盤にしばらくの間コース取りが少し上手くなり加速力がわずかに上がる＜中距離＞","通常スキル"
"30139","神業ステップ","かみわざすてっぷ","30140","160","回復","左右に移動するとき持久力を回復する＜中距離＞","通常スキル"
"30140","軽やかステップ","かろやかすてっぷ","","160","回復","左右に移動するとき持久力をわずかに回復する＜中距離＞","通常スキル"
"30141","独占力","どくせんりょく","30142","160","デバフ","レース終盤に後ろの方にいると前の速度を下げる＜中距離＞","通常スキル"
"30142","束縛","そくばく","","160","デバフ","レース終盤に後ろの方にいると前の速度をわずかに下げる＜中距離＞","通常スキル"
"30143","魅惑のささやき","みわくのささやき","30144","160","デバフ","レース中盤にすぐ前のウマ娘を戸惑わせる＜中距離＞","通常スキル"
"30144","ささやき","ささやき","","160","デバフ","レース中盤にすぐ前のウマ娘をわずかに戸惑わせる＜中距離＞","通常スキル"
"30145","烈風一閃","れっぷういっせん","30146","150","速度","直線で速度が上がる＜長距離＞","通常スキル"
"30146","長距離直線◎","ちょうきょりちょくせん◎","30147","110","速度","直線で速度が少し上がる＜長距離＞","通常スキル"
"30147","長距離直線○","ちょうきょりちょくせん○","","100","速度","直線で速度がわずかに上がる＜長距離＞","通常スキル"
"30148","烈風円刃","れっぷうえんじん","30149","150","速度","コーナーで速度が上がる＜長距離＞","通常スキル"
"30149","長距離コーナー◎","ちょうきょりこーなー◎","30150","110","速度","コーナーで速度が少し上がる＜長距離＞","通常スキル"
"30150","長距離コーナー○","ちょうきょりこーなー○","","100","速度","コーナーで速度がわずかに上がる＜長距離＞","通常スキル"
"30151","先陣の心得","せんじんのこころえ","30152","160","速度","レース中盤に差をつけ先頭だと速度が上がる＜長距離＞","通常スキル"
"30152","リードキープ","りーどきーぷ","","160","速度","レース中盤に差をつけ先頭だと速度がわずかに上がる＜長距離＞","通常スキル"
"30153","VIP顔パス","びっぷかおぱす","30154","160","回復","追い抜く気持ちが湧き疲れにくくなる＜長距離＞","通常スキル"
"30154","パス上手","ぱすじょうず","","160","回復","追い抜く気持ちが湧きわずかに疲れにくくなる＜長距離＞","通常スキル"
"30155","怒涛の追い上げ","どとうのおいあげ","30156","160","速度|加速","レース終盤で追い抜くと速度が上がり加速力がちょっと上がる＜長距離＞","通常スキル"
"30156","追い上げ","おいあげ","","160","速度|加速","レース終盤で追い抜くと速度がわずかに上がり加速力がほんのちょっと上がる＜長距離＞","通常スキル"
"30157","スタミナグリード","すたみなぐりーど","30158","160","デバフ|回復","レース中盤で後ろの方にいると前方の持久力をわずかに奪う＜長距離＞","通常スキル"
"30158","スタミナイーター","すたみないーたー","","160","デバフ|回復","レース中盤で後ろの方にいると前方の持久力をちょっと奪う＜長距離＞","通常スキル"
"30159","奇術師","きじゅつし","30160","110","デバフ","レース終盤で前方のウマ娘の視野が狭くなる＜長距離＞","通常スキル"
"30160","目くらまし","めくらまし","","110","デバフ","レース終盤で前方のウマ娘の視野が少し狭くなる＜長距離＞","通常スキル"
"30161","陣風一閃","じんぷういっせん","30162","150","速度","直線で速度が上がる＜作戦・逃げ＞","通常スキル"
"30162","逃げ直線◎","にげちょくせん◎","30163","140","速度","直線で速度が少し上がる＜作戦・逃げ＞","通常スキル"
"30163","逃げ直線○","にげちょくせん○","","130","速度","直線で速度がわずかに上がる＜作戦・逃げ＞","通常スキル"
"30164","陣風円刃","じんぷうえんじん","30165","150","速度","コーナーで速度が上がる＜作戦・逃げ＞","通常スキル"
"30165","逃げコーナー◎","にげこーなー◎","30166","140","速度","コーナーで速度が少し上がる＜作戦・逃げ＞","通常スキル"
"30166","逃げコーナー○","にげこーなー○","","130","速度","コーナーで速度がわずかに上がる＜作戦・逃げ＞","通常スキル"
"30167","シックスセンス","しっくすせんす","30168","110","コース取り","レース序盤に前が詰まるか競り合うとコース取りが上手くなりバ場の真ん中に向かって移動する＜作戦・逃げ＞","通常スキル"
"30168","危険回避","きけんかいひ","","110","コース取り","レース序盤に前が詰まるか競り合うとコース取りが少し上手くなりバ場の真ん中に向かって移動する＜作戦・逃げ＞","通常スキル"
"30169","トップランナー","とっぷらんなー","30170","180","速度","レース序盤または中盤に追い抜かれるか競り合ったとき速度が上がる＜作戦・逃げ＞","通常スキル"
"30170","先頭プライド","せんとうぷらいど","","180","速度","レース序盤または中盤に追い抜かれるか競り合ったとき速度がわずかに上がる＜作戦・逃げ＞","通常スキル"
"30171","じゃじゃウマ娘","じゃじゃうまむすめ","30172","180","回復","上り坂で疲れにくくなる＜作戦・逃げ＞","通常スキル"
"30172","勢い任せ","いきおいまかせ","","180","回復","上り坂でわずかに疲れにくくなる＜作戦・逃げ＞","通常スキル"
"30173","再燃焼","さいねんしょう","30174","180","加速|持久力消費","レース終盤に持久力を少し使って加速力を上げる＜作戦・逃げ＞","通常スキル"
"30174","二の矢","にのや","","180","加速|持久力消費","レース終盤に持久力を少し使って加速力をわずかに上げる＜作戦・逃げ＞","通常スキル"
"30175","リスタート","りすたーと","","130","デバフ","レース序盤にハナを取れていないと前のウマ娘の動きをわずかに鈍くする＜作戦・逃げ＞","通常スキル"
"30176","勇迅一閃","ゆうじんいっせん","30177","150","速度","直線で速度が上がる＜作戦・先行＞","通常スキル"
"30177","先行直線◎","せんこうちょくせん◎","30178","140","速度","直線で速度が少し上がる＜作戦・先行＞","通常スキル"
"30178","先行直線○","せんこうちょくせん○","","130","速度","直線で速度がわずかに上がる＜作戦・先行＞","通常スキル"
"30179","勇迅円刃","ゆうじんえんじん","30180","150","速度","コーナーで速度が上がる＜作戦・先行＞","通常スキル"
"30180","先行コーナー◎","せんこうこーなー◎","30181","140","速度","コーナーで速度が少し上がる＜作戦・先行＞","通常スキル"
"30181","先行コーナー○","せんこうこーなー○","","130","速度","コーナーで速度がわずかに上がる＜作戦・先行＞","通常スキル"
"30182","技巧派","ぎこうは","30183","120","加速","左右に移動するとき加速力が少し上がる＜作戦・先行＞","通常スキル"
"30183","巧みなステップ","たくみなすてっぷ","","120","加速","左右に移動するとき加速力がわずかに上がる＜作戦・先行＞","通常スキル"
"30184","決意の直滑降","けついのちょっかっこう","30185","120","加速","下り坂で加速力が少し上がる＜作戦・先行＞","通常スキル"
"30185","直滑降","ちょっかっこう","","120","加速","下り坂で加速力がわずかに上がる＜作戦・先行＞","通常スキル"
"30186","食いしん坊","くいしんぼう","30187","180","回復","レース中盤に持久力が回復する＜作戦・先行＞","通常スキル"
"30187","栄養補給","えいようほきゅう","","180","回復","レース中盤に持久力がわずかに回復する＜作戦・先行＞","通常スキル"
"30188","くじけぬ精神","くじけぬせいしん","30189","120","加速","レース中盤に後ろの方にいると加速力が少し上がる＜作戦・先行＞","通常スキル"
"30189","まき直し","まきなおし","","120","加速","レース中盤に後ろの方にいると加速力がわずかに上がる＜作戦・先行＞","通常スキル"
"30190","幻惑のかく乱","げんわくのかくらん","30191","110","デバフ","レース終盤に前の方にいると後方の視野が少し狭くなる＜作戦・先行＞","通常スキル"
"30191","かく乱","かくらん","","110","デバフ","レース終盤に前の方にいると後方の視野がわずかに狭くなる＜作戦・先行＞","通常スキル"
"30192","鋭脚一閃","えいきゃくいっせん","30193","150","速度","直線で速度が上がる＜作戦・差し＞","通常スキル"
"30193","差し直線◎","さしちょくせん◎","30194","140","速度","直線で速度が少し上がる＜作戦・差し＞","通常スキル"
"30194","差し直線○","さしちょくせん○","","130","速度","直線で速度がわずかに上がる＜作戦・差し＞","通常スキル"
"30195","鋭脚円刃","えいきゃくえんじん","30196","150","速度","コーナーで速度が上がる＜作戦・差し＞","通常スキル"
"30196","差しコーナー◎","さしこーなー◎","30197","140","速度","コーナーで速度が少し上がる＜作戦・差し＞","通常スキル"
"30197","差しコーナー○","さしこーなー○","","130","速度","コーナーで速度がわずかに上がる＜作戦・差し＞","通常スキル"
"30198","努力家","どりょくか","30199","120","加速","追い抜こうとするときしばらくの間加速力が少し上がる＜作戦・差し＞","通常スキル"
"30199","がんばり屋","がんばりや","","120","加速","追い抜こうとするときしばらくの間加速力がわずかに上がる＜作戦・差し＞","通常スキル"
"30200","百万バリキ","ひゃくまんばりき","30201","120","速度","上り坂で速度が上がる＜作戦・差し＞","通常スキル"
"30201","十万バリキ","じゅうまんばりき","","120","速度","上り坂で速度がわずかに上がる＜作戦・差し＞","通常スキル"
"30202","リラックス","りらっくす","30203","180","回復","レース中盤に中団以降にいると持久力を回復する＜作戦・差し＞","通常スキル"
"30203","小休憩","しょうきゅうけい","","180","回復","レース中盤に中団以降にいると持久力をわずかに回復する＜作戦・差し＞","通常スキル"
"30204","大局観","たいきょくかん","30205","120","視野","レース中盤に観察力が高まり視野を広く持てる＜作戦・差し＞","通常スキル"
"30205","読解力","どっかいりょく","","120","視野","レース中盤に観察力が高まり視野をわずかに広く持てる＜作戦・差し＞","通常スキル"
"30206","八方にらみ","はっぽうにらみ","30207","180","デバフ","レース終盤に他のウマ娘が動揺する＜作戦・差し＞","通常スキル"
"30207","鋭い眼光","するどいがんこう","","180","デバフ","レース終盤に他のウマ娘がわずかに動揺する＜作戦・差し＞","通常スキル"
"30208","月影一閃","げつえいいっせん","30209","150","速度","直線で速度が上がる＜作戦・追込＞","通常スキル"
"30209","追込直線◎","おいこみちょくせん◎","30210","140","速度","直線で速度が少し上がる＜作戦・追込＞","通常スキル"
"30210","追込直線○","おいこみちょくせん○","","130","速度","直線で速度がわずかに上がる＜作戦・追込＞","通常スキル"
"30211","月影円刃","げつえいえんじん","30212","150","速度","コーナーで速度が上がる＜作戦・追込＞","通常スキル"
"30212","追込コーナー◎","おいこみこーなー◎","30213","140","速度","コーナーで速度が少し上がる＜作戦・追込＞","通常スキル"
"30213","追込コーナー○","おいこみこーなー○","","130","速度","コーナーで速度がわずかに上がる＜作戦・追込＞","通常スキル"
"30214","視界良好！異常なし！","しかいりょうこう！いじょうなし！","30215","110","視野","左右に移動すると状況を把握して視野が少し広くなる＜作戦・追込＞","通常スキル"
"30215","お見通し","おみとおし","","110","視野","左右に移動すると状況を把握して視野がわずかに広くなる＜作戦・追込＞","通常スキル"
"30216","下校後のスペシャリスト","げこうごのすぺしゃりすと","30217","170","回復","下り坂で疲れにくくなる＜作戦・追込＞","通常スキル"
"30217","下校の楽しみ","げこうのたのしみ","","170","回復","下り坂でわずかに疲れにくくなる＜作戦・追込＞","通常スキル"
"30218","冷静沈着","れいせいちんちゃく","30219","180","回復","前のウマ娘のすぐ後ろに付けると落ち着いて持久力を回復する＜作戦・追込＞","通常スキル"
"30219","冷静","れいせい","","180","回復","前のウマ娘のすぐ後ろに付けると落ち着いて持久力をわずかに回復する＜作戦・追込＞","通常スキル"
"30220","天命士","てんめいし","30221","110","視野","レース終盤に後ろの方にいると視野が広くなる＜作戦・追込＞","通常スキル"
"30221","策士","さくし","","110","視野","レース終盤に後ろの方にいると視野がわずかに広くなる＜作戦・追込＞","通常スキル"
"30222","熱いまなざし","あついまなざし","30223","180","デバフ","レース終盤に目を付けたウマ娘の緊張感が増す＜作戦・追込＞","通常スキル"
"30223","まなざし","まなざし","","180","デバフ","レース終盤に目を付けたウマ娘の緊張感がわずかに増す＜作戦・追込＞","通常スキル"
"30224","スリーセブン","すりーせぶん","","160","回復","残り距離が777mの時にわずかに元気が出る","通常スキル"
"30225","究極のヒルクライマー","きゅうきょくのひるくらいまー","30226","160","加速","上り坂で加速力が上がる","通常スキル"
"30226","登山家","とざんか","","160","加速","上り坂で加速力がわずかに上がる","通常スキル"
"30227","ウママニア","うままにあ","30228","160","速度","近くにウマ娘がたくさんいると速度が上がる","通常スキル"
"30228","ウマ好み","うまこのみ","","160","速度","近くにウマ娘がたくさんいると速度がわずかに上がる","通常スキル"
"30229","盤石の構え","ばんじゃくのかまえ","30230","180","加速","レース序盤にスキルを多く発動すると加速力が上がる","通常スキル"
"30230","地固め","じがため","","100","加速","レース序盤にスキルを多く発動すると加速力がわずかに上がる","通常スキル"
"30231","尻尾の滝登り","しっぽのたきのぼり","30232","180","速度","レース中盤にスキルを多く発動すると速度が上がる","通常スキル"
"30232","尻尾上がり","しっぽあがり","","100","速度","レース中盤にスキルを多く発動すると速度がわずかに上がる","通常スキル"
"30233","ふり絞り","ふりしぼり","","100","回復","レース終盤にスキルを多く発動すると持久力がわずかに回復する","通常スキル"
"30234","いいとこ入った！","いいとこはいった！","30235","160","速度","前のウマ娘のすぐ後ろに付けると速度が上がる","通常スキル"
"30235","スリップストリーム","すりっぷすとりーむ","","160","速度","前のウマ娘のすぐ後ろに付けると速度がわずかに上がる","通常スキル"
"30236","お先に失礼っ！","おさきにしつれいっ！","30237","160","速度","すぐ後ろにウマ娘が長くいると速度が上がる","通常スキル"
"30237","遊びはおしまいっ！","あそびはおしまいっ！","","160","速度","すぐ後ろにウマ娘が長くいると速度がわずかに上がる","通常スキル"
"30238","チャート急上昇！","ちゃーときゅうじょうしょう！","30239","180","速度","レース中盤に競り合うと速度が上がる＜ダート＞","通常スキル"
"30239","レコメンド","れこめんど","","180","速度","レース中盤に競り合うと速度がわずかに上がる＜ダート＞","通常スキル"
"30240","狙うは最前列！","ねらうはさいぜんれつ！","30241","140","コース取り|加速","レース終盤にコース取りが上手くなり加速力が少し上がる＜ダート＞","通常スキル"
"30241","前列狙い","ぜんれつねらい","","140","コース取り|加速","レース終盤にコース取りが少し上手くなり加速力がわずかに上がる＜ダート＞","通常スキル"
"30242","潜伏態勢","せんぷくたいせい","30243","180","回復","レース中盤が迫ったとき中団以降にいると持久力を回復する＜作戦・差し＞","通常スキル"
"30243","静かな呼吸","しずかなこきゅう","","180","回復","レース中盤が迫ったとき中団以降にいると持久力をわずかに回復する＜作戦・差し＞","通常スキル"
"30244","決死の覚悟","けっしのかくご","30245","160","速度","終盤の最終直線で好位置にいると速度が上がる＜中距離＞","通常スキル"
"30245","ありったけ","ありったけ","","160","速度","終盤の最終直線で好位置にいると速度がわずかに上がる＜中距離＞","通常スキル"
"30246","鍔迫り合い","つばぜりあい","30247","180","加速","レース終盤始めの方で前方にいると加速力が上がる＜作戦・先行＞","通常スキル"
"30247","真っ向勝負","まっこうしょうぶ","","180","加速","レース終盤始めの方で前方にいると加速力がわずかに上がる＜作戦・先行＞","通常スキル"
"30248","砂の玄人","すなのくろうと","30249","200","回復|速度","レース中盤に後方にいると持久力が回復し速度が上がる＜ダート＞","通常スキル"
"30249","砂塵慣れ","さじんなれ","","180","回復","レース中盤に後方にいると持久力がわずかに回復する＜ダート＞","通常スキル"
"30250","真打","しんうち","30251","160","速度","レース終盤が迫ったとき前方にいると速度が上がる＜長距離＞","通常スキル"
"30251","影打","かげうち","","160","速度","レース終盤が迫ったとき前方にいると速度がわずかに上がる＜長距離＞","通常スキル"
"30252","強攻策","きょうこうさく","30253","180","速度","レース中盤に後方にいるとしばらくの間速度が少し上がる＜作戦・追込＞","通常スキル"
"30253","早仕掛け","はやじかけ","","180","速度","レース中盤に後方にいるとしばらくの間速度がちょっと上がる＜作戦・追込＞","通常スキル"
"30254","博打うち","ばくちうち","30255","120","速度","レース後半に速度がすごく上がるがすごく疲れてしまうことがある","通常スキル"
"30255","あやしげな作戦","あやしげなさくせん","","120","速度|持久力消費","レース後半に速度が少し上がるがすごく疲れてしまうことがある","通常スキル"
"30256","意気衝天","いきしょうてん","30257","160","速度","レース終盤が迫ったとき前方にいると速度が上がる＜短距離＞","通常スキル"
"30257","軽い足取り","かるいあしどり","","160","速度","レース終盤が迫ったとき前方にいると速度がわずかに上がる＜短距離＞","通常スキル"
"30258","日本一のウマ娘","にほんいちのうまむすめ|にっぽんいちのうまむすめ","","360","速度","期待を背負った強い想いが力に変わり最終コーナーで速度が上がる＜長距離＞","通常スキル"
"30259","泰然自若","たいぜんじじゃく","30260","170","回復","レース中盤始めの方に中団にいると速度をわずかに落として持久力をすごく回復する＜長距離＞","通常スキル"
"30260","マイペース","まいぺーす","","170","回復","レース中盤始めの方に中団にいると速度をわずかに落として持久力を少し回復する＜長距離＞","通常スキル"
"30261","起死回生","きしかいせい","30262","160","加速","レース終盤始めの方で中団以降にいると加速力が上がる＜中距離＞","通常スキル"
"30262","ワンチャンス","わんちゃんす","","160","加速","レース終盤始めの方で中団以降にいると加速力がわずかに上がる＜中距離＞","通常スキル"
"30263","気炎万丈","きえんばんじょう","30264","160","速度|回復","レース中盤に中団で競り合うと持久力が少し回復し、速度が上がる＜中距離＞","通常スキル"
"30264","闘争心","とうそうしん","","160","速度|回復","レース中盤に中団で競り合うと持久力がちょっと回復し速度がわずかに上がる＜中距離＞","通常スキル"
"30265","高揚感","こうようかん","30266","160","速度","レース中盤に後ろの方にいると速度が上がる＜中距離＞","通常スキル"
"30266","前のめり","まえのめり","","160","速度","レース中盤に後ろの方にいると速度がわずかに上がる＜中距離＞","通常スキル"
"30267","破竹の勢い","はちくのいきおい","30268","160","速度","最終コーナーで後ろの方にいると速度が上がる＜マイル＞","通常スキル"
"30268","気合十分","きあいじゅうぶん","","160","速度","最終コーナーで後ろの方にいると速度がわずかに上がる＜マイル＞","通常スキル"
"30269","大胆不敵","だいたんふてき","30270","180","速度|加速","レース後半に中団にいると速度が上がり加速力がちょっと上がる＜作戦・差し＞","通常スキル"
"30270","恐れぬ心","おそれぬこころ","","180","速度|加速","レース後半に中団にいると速度がわずかに上がり加速力がほんのちょっと上がる＜作戦・差し＞","通常スキル"
"30271","荒ぶる旋風","あらぶるせんぷう","30272","160","速度|デバフ","レース中盤に前の方にいると後ろの速度をわずかに下げ自分の速度を上げる＜中距離＞","通常スキル"
"30272","気迫を込めて","きはくをこめて","","160","速度|デバフ","レース中盤に前の方にいると後ろの速度をほんのわずかに下げ自分の速度をわずかに上げる＜中距離＞","通常スキル"
"30273","勇往邁進","ゆうおうまいしん","30274","160","速度|持久力消費","レース中盤に持久力を少し使って速度をすごく上げる＜作戦・差し＞","通常スキル"
"30274","フルスロットル","ふるすろっとる","","160","速度|持久力消費","レース中盤に持久力を少し使って速度を少し上げる＜作戦・差し＞","通常スキル"
"30275","至高のダウンヒラー","しこうのだうんひらー","30276","170","速度","下り坂で速度が上がる","通常スキル"
"30276","下り坂巧者","くだりざかこうしゃ","","170","速度","下り坂で速度がわずかに上がる","通常スキル"
"30277","一意専心","いちいせんしん","30278","170","回復","出遅れずにスタートを切れると中盤始めの方で持久力をすごく回復する＜先行・長距離＞","通常スキル"
"30278","抜かりなし","ぬかりなし","","170","回復","出遅れずにスタートを切れると中盤始めの方で持久力を少し回復する＜先行・長距離＞","通常スキル"
"30279","勝利の機運","しょうりのきうん","30280","180","速度","レース終盤が迫ったとき前方にいると速度が上がる＜ダート＞","通常スキル"
"30280","明るい兆し","あかるいきざし","","180","速度","レース終盤が迫ったとき前方にいると速度がわずかに上がる＜ダート＞","通常スキル"
"30281","捲土重来","けんどちょうらい","30282","180","速度","レース中盤に後ろの方にいると速度が上がる＜ダート＞","通常スキル"
"30282","盛り返し","もりかえし","","180","速度","レース中盤に後ろの方にいると速度がわずかに上がる＜ダート＞","通常スキル"
"30283","全速前進！","ぜんそくぜんしん！","30284","180","速度","ラストスパートで前方にいると速度が上がる＜ダート＞","通常スキル"
"30284","まっしぐら","まっしぐら","","180","速度","ラストスパートで前方にいると速度がわずかに上がる＜ダート＞","通常スキル"
"30285","明鏡止水","めいきょうしすい","30286","150","速度","スキルで持久力を回復しているとレース中盤始めの方に後方で速度が上がる＜ダート＞","通常スキル"
"30286","冴える思考","さえるしこう","","150","速度","スキルで持久力を回復しているとレース中盤始めの方に後方で速度がわずかに上がる＜ダート＞","通常スキル"
"30287","優雅な砂浴び","ゆうがなすなあび","30288","160","速度","前のウマ娘のすぐ後ろに付けると速度が上がる＜ダート＞","通常スキル"
"30288","砂浴び○","すなあび○","","160","速度","前のウマ娘のすぐ後ろに付けると速度がわずかに上がる＜ダート＞","通常スキル"
"30289","目指せセンター！","めざせせんたー！","30290","180","加速","レース終盤に前方にいると加速力が上がる＜ダート＞","通常スキル"
"30290","意気込み十分","いきごみじゅうぶん","","180","加速","レース終盤に前方にいると加速力がわずかに上がる＜ダート＞","通常スキル"
"30291","爆走モード！","ばくそうもーど！","30292","180","加速","レース終盤に中団以降にいると加速力が上がる＜ダート＞","通常スキル"
"30292","急浮上","きゅうふじょう","","180","加速","レース終盤に中団以降にいると加速力がわずかに上がる＜ダート＞","通常スキル"
"30293","砂上の舞姫","さじょうのまいひめ","30294","120","デバフ","レース序盤に先頭にいるときすぐ後ろにいるウマ娘の速度が下がる＜ダート＞","通常スキル"
"30294","土煙","つちけむり","","120","デバフ","レース序盤に先頭にいるときすぐ後ろにいるウマ娘の速度がわずかに下がる＜ダート＞","通常スキル"
"30295","油断大敵","ゆだんたいてき","30296","180","デバフ","レース後半に息を入れたウマ娘を萎縮させる＜ダート＞","通常スキル"
"30296","圧迫感","あっぱくかん","","180","デバフ","レース後半に息を入れたウマ娘をわずかに萎縮させる＜ダート＞","通常スキル"
"30297","アンストッパブル","あんすとっぱぶる","30298","180","速度","レース中盤に速度が上がる＜作戦・先行＞","通常スキル"
"30298","攻めの姿勢","せめのしせい","","180","速度","レース中盤に速度がわずかに上がる＜作戦・先行＞","通常スキル"
"30299","ブレイクスルー","ぶれいくするー","30300","180","速度|コース取り","レース中盤に後方にいると速度が上がりコース取りがうまくなる＜作戦・追込＞","通常スキル"
"30300","打開策","だかいさく","","180","速度|コース取り","レース中盤に後方にいると速度がわずかに上がり、コース取りがわずかにうまくなる＜作戦・追込＞","通常スキル"
"30301","出力1000％！","しゅつりょくせんぱーせんと！|しゅつりょく1000%！","30302","180","速度|持久力消費","レース中盤始めの方に持久力をすごく使って速度をすごく上げる＜作戦・逃げ＞","通常スキル"
"30302","しゃかりき","しゃかりき","","180","速度|持久力消費","レース中盤始めの方に持久力をすごく使って速度を少し上げる＜作戦・逃げ＞","通常スキル"
"30303","電光石火","でんこうせっか","30304","180","加速","レース終盤に後方で追い抜こうとすると加速力が上がる＜短距離/マイル＞","通常スキル"
"30304","一足飛び","いっそくとび","","180","加速","レース終盤に後方で追い抜こうとすると加速力がわずかに上がる＜短距離/マイル＞","通常スキル"
"30305","風雲の志","ふううんのこころざし","30306","180","速度","レース終盤目前、2番手以降に控えて先頭から2バ身以内だとしばらくの間速度が少し上がる＜作戦・先行＞","通常スキル"
"30306","向上心","こうじょうしん","","180","速度","レース終盤目前、2番手以降に控えて先頭から2バ身以内だとしばらくの間速度がちょっと上がる＜作戦・先行＞","通常スキル"
"30307","無我夢中","むがむちゅう","30308","180","加速|持久力消費","ラストスパートで中団以降にいると持久力を少し使って加速力が上がる＜差し・長距離＞","通常スキル"
"30308","がむしゃら","がむしゃら","","180","加速|持久力消費","ラストスパートで中団以降にいると持久力を少し使って加速力がわずかに上がる＜差し・長距離＞","通常スキル"
"30309","快進撃","かいしんげき","30310","170","速度|加速","終盤が迫ったとき先頭にいるか先頭から4バ身以内だと速度と加速力が少し上がる＜先行・中距離＞","通常スキル"
"30310","確かな足取り","たしかなあしどり","","170","速度|加速","終盤が迫ったとき先頭にいるか先頭から4バ身以内だと速度と加速力がちょっと上がる＜先行・中距離＞","通常スキル"
"30311","トップギア","とっぷぎあ","30312","180","速度","最終直線で2番手以降で先頭から4バ身以内にいると速度がすごく上がる＜作戦・差し＞","通常スキル"
"30312","キレる脚","きれるあし","","180","速度","最終直線で2番手以降で先頭から4バ身以内にいると速度が少し上がる＜作戦・差し＞","通常スキル"
"30313","踏ませぬ影","ふませぬかげ","30314","180","速度","最終直線で先頭のとき後ろ1バ身以内にウマ娘がいると速度がすごく上がる＜作戦・逃げ＞","通常スキル"
"30314","粘り腰","ねばりごし","","180","速度","最終直線で先頭のとき後ろ1バ身以内にウマ娘がいると速度が少し上がる＜作戦・逃げ＞","通常スキル"
"30315","猛追","もうつい","30316","180","速度","レース後半に追い抜こうとすると速度が上がる＜先行/差し＞","通常スキル"
"30316","食らいつき","くらいつき","","180","速度","レース後半に追い抜こうとすると速度がわずかに上がる＜先行/差し＞","通常スキル"
"30317","怪物","かいぶつ","30318","180","加速","レース終盤目前に先頭か先頭から4バ身以内につけると、レース終盤に加速力が上がる＜先行・長距離＞","通常スキル"
"30318","本領発揮","ほんりょうはっき","","180","加速","レース終盤目前に先頭か先頭から4バ身以内につけると、レース終盤に加速力がわずかに上がる＜先行・長距離＞","通常スキル"
"30319","抜群の切れ味","ばつぐんのきれあじ","30320","180","加速","レース終盤突入時まで掛からず後方に控え続けていると、終盤始めの方で加速力が上がる＜作戦・追込＞","通常スキル"
"30320","切れ味","きれあじ","","180","加速","レース終盤突入時まで掛からず後方に控え続けていると、終盤始めの方で加速力がわずかに上がる＜作戦・追込＞","通常スキル"
"30321","遮二無二","しゃにむに","30322","180","速度","レース終盤が迫ったとき前方にいると速度が上がる＜マイル＞","通常スキル"
"30322","向こう見ず","むこうみず","","180","速度","レース終盤が迫ったとき前方にいると速度がわずかに上がる＜マイル＞","通常スキル"
"30323","天衣無縫","てんいむほう","30324","180","速度","最終コーナー前の第3コーナーで後ろの方にいると前に出る＜中距離/長距離＞","通常スキル"
"30324","型破り","かたやぶり","","180","速度","最終コーナー前の第3コーナーで後ろの方にいるとわずかに前に出る＜中距離/長距離＞","通常スキル"
"30325","優位形成","ゆういけいせい","30326","180","速度","レース中盤に速度が上がる＜マイル/中距離＞","通常スキル"
"30326","しとやかな足取り","しとやかなあしどり","","180","速度","レース中盤に速度がわずかに上がる＜マイル/中距離＞","通常スキル"
"30327","威風堂々","いふうどうどう","30328","190","速度|デバフ","最終コーナーで中団以降だと前後3人ずつの速度をわずかに下げ自分の速度を上げる＜作戦・差し＞","通常スキル"
"30328","プレッシャー","ぷれっしゃー","","190","速度|デバフ","最終コーナーで中団以降だと前後3人ずつの速度をほんのわずかに下げ、自分の速度をわずかに上げる＜作戦・差し＞","通常スキル"
"30329","神速","しんそく","30330","200","速度|回復","レース後半に前に出て持久力をわずかに回復する","通常スキル"
"30330","快速","かいそく","","200","速度|回復","レース後半にわずかに前に出て持久力をほんのわずかに回復する","通常スキル"
"30331","一発必中","いっぱつひっちゅう","30332","160","速度","レース終盤が迫ったとき後方にいると速度が上がる＜長距離＞","通常スキル"
"30332","ロックオン","ろっくおん","","160","速度","レース終盤が迫ったとき後方にいると速度がわずかに上がる＜長距離＞","通常スキル"
"30333","脱兎の先へ","だっとのさきへ","30334","200","回復|速度","レース中盤に持久力を回復し速度が少し上がる＜長距離＞","通常スキル"
"30334","脇目も振らず","わきめもふらず","","200","回復|速度","レース中盤に持久力をわずかに回復し速度がちょっと上がる＜長距離＞","通常スキル"
"30335","一気呵成","いっきかせい","30336","160","速度","レース終盤始めの方で余力十分なら前に出る＜差し・長距離＞","通常スキル"
"30336","大急ぎ","おおいそぎ","","160","速度","レース終盤始めの方で余力十分ならわずかに前に出る＜差し・長距離＞","通常スキル"
"30337","ルミネセンス","るみねせんす","30338","160","速度","レース中にスキルを13回発動すると前に出る＜中距離＞","通常スキル"
"30338","イグニッション","いぐにっしょん","","160","速度","レース中にスキルを13回発動するとわずかに前に出る＜中距離＞","通常スキル"
"30339","溢れる情熱","あふれるじょうねつ","","180","速度","レース中盤が迫ったとき中団以降にいると速度がわずかに上がる＜作戦・差し＞","通常スキル"
"30340","突撃魂","とつげきだましい","30341","180","速度","レース終盤が迫ったとき中団以降にいると速度が上がる＜作戦・差し＞","通常スキル"
"30341","進出開始","しんげきかいし","","180","速度","レース終盤が迫ったとき中団以降にいると速度がわずかに上がる＜作戦・差し＞","通常スキル"
"30342","千里の道","せんりのみち","30343","180","速度","レース中盤に中団にいるとしばらくの間速度が少し上がる＜作戦・差し＞","通常スキル"
"30343","一歩から","いっぽから","","180","速度","レース中盤に中団にいるとしばらくの間速度がちょっと上がる＜作戦・差し＞","通常スキル"
"30344","昂る鼓動","たかぶるこどう","30345","180","速度","レース終盤始めの方に中団にいると前に出る＜中距離/長距離＞","通常スキル"
"30345","込み上げる熱","こみあげるねつ","","180","速度","レース終盤始めの方に中団にいるとわずかに前に出る＜中距離/長距離＞","通常スキル"
"30346","ハイボルテージ","はいぼるてーじ","30347","160","加速","レース終盤始めの方で前方にいると加速力が上がる＜マイル＞","通常スキル"
"30347","心弾んで","こころはずんで","","160","加速","レース終盤始めの方で前方にいると加速力がわずかに上がる＜マイル＞","通常スキル"
"30348","ブチ☆アゲ↑バイブス","ぷちあげばいぶす","30349","200","速度|回復","レース中盤に速度が上がり持久力を少し回復する＜長距離＞","通常スキル"
"30349","バイブス上昇","ばいぶすじょうしょう","","200","速度|回復","レース中盤に速度がわずかに上がり持久力をちょっと回復する＜長距離＞","通常スキル"
"30350","誰より前へ！","だれよりまえへ！","30351","120","加速","スタート時に加速力が上がる＜中距離＞","通常スキル"
"30351","一番乗り","いちばんのり","","120","加速","スタート時に加速力がわずかに上がる＜中距離＞","通常スキル"
"30352","王手","おうて","30353","180","加速","終盤の最終コーナーで中団以前にいる時ゴールまで遠いと加速力が上がる＜先行/差し＞","通常スキル"
"30353","会心の一歩","かいしんのいっぽ","","180","加速","終盤の最終コーナーで中団以前にいる時ゴールまで遠いと加速力がわずかに上がる＜先行/差し＞","通常スキル"
"30354","ネバーギブアップ","ねばーぎぶあっぷ","30355","180","速度","レース中盤のコーナーでしばらくの間速度が少し上がる","通常スキル"
"30355","折れない心","おれないこころ","","180","速度","レース中盤のコーナーでしばらくの間速度がちょっと上がる","通常スキル"
"30356","十全十美","じゅうぜんじゅうび","30357","180","速度","最終コーナー前の第3コーナーで前の方にいると前に出る＜マイル/中距離＞","通常スキル"
"30357","品行方正","ひんこうほうせい","","180","速度","最終コーナー前の第3コーナーで前の方にいるとわずかに前に出る＜マイル/中距離＞","通常スキル"
"30358","気骨稜稜","きこつりょうりょう","30359","160","速度","レース終盤が迫ったとき中団以降だと速度が上がる＜短距離＞","通常スキル"
"30359","ひたむき前進","ひたむきぜんしん","","160","速度","レース終盤が迫ったとき中団以降だと速度がわずかに上がる＜短距離＞","通常スキル"
"30360","かっとばせ！","かっとばせ！","30361","180","速度","レース中盤に前の方にいるとしばらくの間速度が少し上がる＜作戦・先行＞","通常スキル"
"30361","勝利に向かって","しょうりにむかって","","180","速度","レース中盤に前の方にいるとしばらくの間速度がちょっと上がる＜作戦・先行＞","通常スキル"
"30362","一点集中","いってんしゅうちゅう","30363","160","加速","レース終盤始めの方早めに前の方にいると加速力が上がる＜先行・長距離＞","通常スキル"
"30363","狙いを定めて","ねらいをさだめて","","160","加速","レース終盤始めの方早めに前の方にいると加速力がわずかに上がる＜先行・長距離＞","通常スキル"
"30364","時中の妙","じちゅうのみょう","30365","160","速度","レース中盤に速度が上がる","通常スキル"
"30365","中盤巧者","ちゅうばんこうしゃ","","160","速度","レース中盤に速度がわずかに上がる","通常スキル"
"30366","機先の勝負","きせんのしょうぶ","30367","160","速度","レース中盤が迫ったとき速度が上がる","通常スキル"
"30367","序盤巧者","じょばんこうしゃ","","160","速度","レース中盤が迫ったとき速度がわずかに上がる","通常スキル"
"30368","画竜点睛","がりょうてんせい","30369","160","速度","レース終盤始めの方で余力十分なら前に出る＜逃げ・長距離＞","通常スキル"
"30369","大詰め","おおづめ","","160","速度","レース終盤始めの方で余力十分ならわずかに前に出る＜逃げ・長距離＞","通常スキル"
"30370","万里一空","ばんりいっくう","30371","170","加速","ラストスパートの直線で前の方だと加速力が上がる＜逃げ・長距離＞","通常スキル"
"30371","迷いなし","まよいなし","","170","加速","ラストスパートの直線で前の方だと加速力がわずかに上がる＜逃げ・長距離＞","通常スキル"
"30372","コール&レスポンス","こーるあんどれすぽんす","30373","200","速度","レース中盤にスキルを発動すると速度が少し上がるその後レース終盤にスキルを発動すると少し前に出る＜ダート＞","通常スキル"
"30373","二段構え","にだんがまえ","","200","速度","レース中盤にスキルを発動すると速度がちょっと上がるその後レース終盤にスキルを発動するとちょっと前に出る＜ダート＞","通常スキル"
"30374","砂の妙手","すなのみょうしゅ","30375","200","回復|速度","レース中盤に前の方にいると持久力を回復し速度が上がる＜ダート＞","通常スキル"
"30375","砂払い","すなばらい","","180","回復","レース中盤に前の方にいると持久力をわずかに回復する＜ダート＞","通常スキル"
"30376","一網打尽","いちもうだじん","30377","160","速度","レース終盤始めの方で余力十分なら前に出る＜追込・長距離＞","通常スキル"
"30377","ごぼう抜き","ごぼうぬき","","160","速度","レース終盤始めの方で余力十分ならわずかに前に出る＜追込・長距離＞","通常スキル"
"30378","ロケットスタート","ろけっとすたーと","30379","120","加速","スタート時に加速力が上がる＜短距離＞","通常スキル"
"30379","急発進","きゅうはっしん","","120","加速","スタート時に加速力がわずかに上がる＜短距離＞","通常スキル"
"30380","君臨","くんりん","30381","180","加速","終盤の最終コーナーで中団以降にいると加速力が上がる＜追込・中距離＞","通常スキル"
"30381","渾身の足取り","こんしんのあしどり","","180","加速","終盤の最終コーナーで中団以降にいると加速力がわずかに上がる＜追込・中距離＞","通常スキル"
"30382","完全燃焼","かんぜんねんしょう","30383","180","速度","最終直線で2番手以降で先頭から4バ身以内にいると速度がすごく上がる＜作戦・追込＞","通常スキル"
"30383","たぎる血潮","たぎるちしお","","180","速度","最終直線で2番手以降で先頭から4バ身以内にいると速度が少し上がる＜作戦・追込＞","通常スキル"
"30384","不動の心","ふどうのこころ","","180","回復","レース中盤が迫ったとき後方にいると持久力をわずかに回復する＜作戦・追込＞","通常スキル"
"30385","飛翔脚","ひしょうきゃく","30386","180","速度","レース終盤が迫ったとき中団以降にいると速度が上がる＜作戦・追込＞","通常スキル"
"30386","推力十分","すいりょくじゅうぶん","","180","速度","レース終盤が迫ったとき中団以降にいると速度がわずかに上がる＜作戦・追込＞","通常スキル"
"30387","切り崩し","きりくずし","","190","速度|デバフ","最終コーナーで後方だと前後3人ずつの速度をほんのわずかに下げ、自分の速度がわずかに上がる＜作戦・追込＞","通常スキル"
"30388","一心不乱","いっしんふらん","30389","160","速度|持久力消費","レース中盤に持久力を少し使って速度がすごく上がる＜作戦・追込＞","通常スキル"
"30389","惜しみなし","おしみなし","","160","速度|持久力消費","レース中盤に持久力を少し使って速度が少し上がる＜作戦・追込＞","通常スキル"
"30390","肉薄","にくはく","30391","180","速度","レース後半に追い抜こうとすると速度が上がる＜作戦・追込＞","通常スキル"
"30391","影踏み","かげふみ","","180","速度","レース後半に追い抜こうとすると速度がわずかに上がる＜作戦・追込＞","通常スキル"
"30392","鬼気迫って","ききせまって","","160","速度|デバフ","レース中盤に後方にいると前の速度をほんのわずかに下げ自分の速度がわずかに上がる＜追込・中距離＞","通常スキル"
"30393","砂の開拓者","すなのかいたくしゃ","30394","160","速度","レース中盤が迫ったとき前方にいると速度が上がる＜ダート＞","通常スキル"
"30394","パイオニア","ぱいおにあ","","160","速度","レース中盤が迫ったとき前方にいると速度がわずかに上がる＜ダート＞","通常スキル"
"30395","熱情","ねつじょう","30396","180","速度","レース終盤が迫ったとき中団以降にいると速度が上がる＜マイル＞","通常スキル"
"30396","滾る想い","たぎるおもい","","180","速度","レース終盤が迫ったとき中団以降にいると速度がわずかに上がる＜マイル＞","通常スキル"
"30397","千載一遇","せんざいいちぐう","30398","160","加速","レース終盤始めの方早めに中団以降にいると加速力が上がる＜追込・長距離＞","通常スキル"
"30398","好機を捉えて","こうきをとらえて","","160","加速","レース終盤始めの方早めに中団以降にいると加速力がわずかに上がる＜追込・長距離＞","通常スキル"
"30399","流星光底","りゅうせいこうてい","30400","180","速度","レース終盤が迫ったとき前方にいると速度が上がる＜作戦・先行＞","通常スキル"
"30400","飛躍の予感","ひやくのよかん","","180","速度","レース終盤が迫ったとき前方にいると速度がわずかに上がる＜作戦・先行＞","通常スキル"
"30401","掌握","しょうあく","30402","180","速度","レース終盤のコーナーで追い抜こうとするとしばらくの間少し前に出る＜作戦・追込＞","通常スキル"
"30402","手練手管","てれんてくだ","","180","速度","レース終盤のコーナーで追い抜こうとするとしばらくの間ちょっと前に出る＜作戦・追込＞","通常スキル"
"30403","電迅速攻","でんじんそっこう","30404","140","速度","レース中盤に速度が上がる＜短距離＞","通常スキル"
"30404","瞬発力","しゅんぱつりょく","","140","速度","レース中盤に速度がわずかに上がる＜短距離＞","通常スキル"
"30405","風翔","ふうしょう|かぜかける","30406","140","速度","レース中盤に速度が上がる＜マイル＞","通常スキル"
"30406","風切り","かぜきり","","140","速度","レース中盤に速度がわずかに上がる＜マイル＞","通常スキル"
"30407","正攻法","せいこうほう","30408","180","速度","レース中盤に前方にいると速度が上がる","通常スキル"
"30408","素直な一歩","すなおないっぽ","","180","速度","レース中盤に前方にいると速度がわずかに上がる","通常スキル"
"30409","トキメキハート","ときめきはーと","30410","180","速度","レース終盤始めの方に前に出る＜短距離/マイル＞","通常スキル"
"30410","胸の高鳴り","むねのたかなり","","180","速度","レース終盤始めの方にわずかに前に出る＜短距離/マイル＞","通常スキル"
"30411","初志貫徹","しょしかんてつ","30412","160","速度","レース終盤が迫ったとき前方にいると速度が上がる＜中距離＞","通常スキル"
"30412","揺るがぬ信念","ゆるがぬしんねん","","160","速度","レース終盤が迫ったとき前方にいると速度がわずかに上がる＜中距離＞","通常スキル"
"30413","無二","むに","","120","速度","2ハロン目に前がひらけていると速度がちょっと上がるスキル発動時、コーナーにいないと効果が増える＜短距離＞","通常スキル"
"30414","無三","むさん","","120","速度","3ハロン目に前がひらけていると速度がちょっと上がるスキル発動時、コーナーにいないと効果が増える＜短距離＞","通常スキル"
"30415","踏みしめる大地","ふみしめるだいち","30416","170","加速","レース終盤始めの方で前方にいると加速力が上がる＜先行・ダート＞","通常スキル"
"30416","力の限り","ちからのかぎり","","170","加速","レース終盤始めの方で前方にいると加速力がわずかに上がる＜先行・ダート＞","通常スキル"
"30417","砂塵一閃","さじんいっせん","30418","150","速度","直線で速度が上がる＜ダート＞","通常スキル"
"30418","ダート直線◎","だーとちょくせん◎","30419","110","速度","直線で速度が少し上がる＜ダート＞","通常スキル"
"30419","ダート直線○","だーとちょくせん○","","110","速度","直線で速度がわずかに上がる＜ダート＞","通常スキル"
"30420","砂塵円刃","さじんえんじん","30421","150","速度","コーナーで速度が上がる＜ダート＞","通常スキル"
"30421","ダートコーナー◎","だーとこーなー◎","30422","110","速度","コーナーで速度が少し上がる＜ダート＞","通常スキル"
"30422","ダートコーナー○","だーとこーなー○","","100","速度","コーナーで速度がわずかに上がる＜ダート＞","通常スキル"
"30423","王道一途","おうどういちず","30424","160","加速","レース終盤始めの方で前方にいると加速力が上がる＜中距離＞","通常スキル"
"30424","正面突破","しょうめんとっぱ","","160","加速","レース終盤始めの方で前方にいると加速力がわずかに上がる＜中距離＞","通常スキル"
"30425","強者の証","きょうしゃのあかし","30426","170","速度","レース中盤に前方にいると速度が上がる＜先行・中距離＞","通常スキル"
"30426","さらなる高みへ","さらなるたかみへ","","170","速度","レース中盤に前方にいると速度がわずかに上がる＜先行・中距離＞","通常スキル"
"30427","幕引き","まくひき","30428","180","速度","最終直線で先頭にいるか先頭から1バ身以内にいると速度がすごく上がる＜作戦・先行＞","通常スキル"
"30428","決定打","けっていだ","","180","速度","最終直線で先頭にいるか先頭から1バ身以内にいると速度が少し上がる＜作戦・先行＞","通常スキル"
"30429","怜悧清澄","れいりせいちょう","30430","200","速度|回復","レース中盤にしばらくの間速度が少し上がり持久力を少し回復する＜中距離＞","通常スキル"
"30430","克己心","こっきしん","","200","速度|回復","レース中盤にしばらくの間速度がちょっと上がり持久力をちょっと回復する＜中距離＞","通常スキル"
"30431","本能の解放","ほんのうのかいほう","30432","180","速度","追い比べをしていると残り200mを切ってから前に出る＜差し/追込＞","通常スキル"
"30432","むきだしの情熱","むきだしのじょうねつ","","180","速度","追い比べをしていると残り200mを切ってからわずかに前に出る＜差し/追込＞","通常スキル"
"30433","豪胆無比","ごうたんむひ","30434","160","速度|持久力消費","レース中盤に前方にいると持久力を少し使って速度をすごく上げる＜マイル＞","通常スキル"
"30434","後先恐れず","あとさきおそれず","","160","速度|持久力消費","レース中盤に前方にいると持久力を少し使って速度を少し上げる＜マイル＞","通常スキル"
"30435","一張一弛","いっちょういっし","30436","160","速度","レース中盤が迫ったとき速度をわずかに落とすその後レース終盤始めの方にすごく前に出る＜中距離＞","通常スキル"
"30436","切り替え上手","きりかえじょうず","","160","速度","レース中盤が迫ったとき速度をわずかに落とすその後レース終盤始めの方に少し前に出る＜中距離＞","通常スキル"
"30437","清濁併呑","せいだくへいどん","30438","190","速度|回復","レース中盤に速度が上がり持久力を少し回復する＜ダート＞","通常スキル"
"30438","裏腹なキモチ","うらはらなきもち","","190","速度|回復","レース中盤に速度がわずかに上がり持久力をちょっと回復する＜ダート＞","通常スキル"
"30439","早業","はやわざ","30440","180","速度","レース中盤に前方にいるとしばらくの間速度が少し上がる＜作戦・逃げ＞","通常スキル"
"30440","目にも留まらず","めにもとまらず","","180","速度","レース中盤に前方にいるとしばらくの間速度がちょっと上がる＜作戦・逃げ＞","通常スキル"
"30441","気の向くままに","きのむくままに","","180","速度","最終直線で3番手以内だとちょっと前に出る、やる気が好調か絶好調だと少し前に出る＜逃げ・長距離＞","通常スキル"
"30442","影従打破","えいじゅうだは","30443","160","速度|持久力消費","レース中盤に持久力を少し使って速度をすごく上げる＜作戦・先行＞","通常スキル"
"30443","アグレッシブ","あぐれっしぶ","","160","速度|持久力消費","レース中盤に持久力を少し使って速度を少し上げる＜作戦・先行＞","通常スキル"
"30444","逸る足取り","はやるあしどり","","180","速度","レース中盤が迫ったとき速度がわずかに上がる＜作戦・先行＞","通常スキル"
"30445","連鎖反応","れんさはんのう","30446","200","回復|速度","中盤の直線に入ると持久力を回復しわずかに前に出る","通常スキル"
"30446","端緒","たんしょ","","200","回復|速度","中盤の直線に入ると持久力をわずかに回復しほんのわずかに前に出る","通常スキル"
"30447","烈火の如く","れっかのごとく","30448","180","速度","レース終盤始めの方に中団以降にいると前に出る＜中距離/長距離＞","通常スキル"
"30448","急襲","きゅうしゅう","","180","速度","レース終盤始めの方に中団以降にいるとわずかに前に出る＜中距離/長距離＞","通常スキル"
"30449","覚悟を決めて","かくごをきめて","","160","加速","レース終盤始めの方早めに前の方にいると加速力がわずかに上がる＜逃げ・長距離＞","通常スキル"
"30450","切り込み隊長","きりこみたいちょう","","180","速度","レース中盤が迫ったとき速度がわずかに上がる＜作戦・逃げ＞","通常スキル"
"30451","熾烈の極み","しれつのきわみ","30452","140","速度","レース中盤に速度が上がる＜長距離＞","通常スキル"
"30452","熱狂的","ねっきょうてき","","140","速度","レース中盤に速度がわずかに上がる＜長距離＞","通常スキル"
"30453","閃光","せんこう","30454","140","速度","レース中盤に速度が上がる＜中距離＞","通常スキル"
"30454","光差す方へ","ひかりさすほうへ","","140","速度","レース中盤に速度がわずかに上がる＜中距離＞","通常スキル"
"30455","駆け降り","かけおり","","120","加速","下り坂で加速力がわずかに上がる＜作戦・差し＞","通常スキル"
"30456","用意周到","よういしゅうとう","30457","160","速度","レース中盤始めの方に中団以降にいると速度が上がる＜作戦・差し＞","通常スキル"
"30457","下準備","したじゅんび","","160","速度","レース中盤始めの方に中団以降にいると速度がわずかに上がる＜作戦・差し＞","通常スキル"
"30458","追跡者","ついせきしゃ","30459","170","速度","レース中盤に中団以降にいると速度が上がる＜追込・中距離＞","通常スキル"
"30459","這い寄る足音","はいよるあしおと","","170","速度","レース中盤に中団以降にいると速度がわずかに上がる＜追込・中距離＞","通常スキル"
"30460","勇猛果敢","ゆうもうかかん","30461","160","速度|持久力消費","レース中盤に中団以降にいると持久力を少し使って速度をすごく上げる＜マイル＞","通常スキル"
"30461","ハイピッチ","はいぴっち","","160","速度|持久力消費","レース中盤に中団以降にいると持久力を少し使って速度を少し上げる＜マイル＞","通常スキル"
"30462","真骨頂","しんこっちょう","30463","180","速度","レース中盤に中団以降にいると速度が上がる","通常スキル"
"30463","一歩ずつ前へ","いっぽずつまえへ","","180","速度","レース中盤に中団以降にいると速度がわずかに上がる","通常スキル"
"30464","後の先","ごのせん","30465","180","速度","終盤の最終コーナー以降にいるときライバルのウマ娘が速度スキルを発動するとしばらくの間少し前に出る＜中距離/長距離＞","通常スキル"
"30465","切り返し","きりかえし","","180","速度","終盤の最終コーナー以降にいるときライバルのウマ娘が速度スキルを発動するとしばらくの間ちょっと前に出る＜中距離/長距離＞","通常スキル"
"30466","勝負はここから！","しょうぶはここから！","30467","180","加速","終盤の最終コーナーで3番手以内にいると加速力が上がる＜逃げ・中距離＞","通常スキル"
"30467","逃げ切り体勢","にげきりたいせい","","180","加速","終盤の最終コーナーで3番手以内にいると加速力がわずかに上がる＜逃げ・中距離＞","通常スキル"
"30468","英姿颯爽","えいしさっそう","30469","170","速度","最終コーナー前の第3コーナーで前方にいると前に出る＜逃げ・中距離＞","通常スキル"
"30469","破天荒","はてんこう","","170","速度","最終コーナー前の第3コーナーで前方にいるとわずかに前に出る＜逃げ・中距離＞","通常スキル"
"30470","追い風に乗って","おいかぜにのって","","170","加速","レース終盤始めの方早めに前方にいると加速力がわずかに上がる＜逃げ・中距離＞","通常スキル"
"30471","努力の結実","どりょくのけつじつ","30472","170","速度","レース中盤に前方にいると速度が上がる＜先行・長距離＞","通常スキル"
"30472","地道に重ねて","じみちにかさねて","","170","速度","レース中盤に前方にいると速度がわずかに上がる＜先行・長距離＞","通常スキル"
"30473","正々堂々","せいせいどうどう","30474","180","速度","ラストスパートの最中に速度が上がる＜作戦・先行＞","通常スキル"
"30474","己を信じて","おのれをしんじて","","180","速度","ラストスパートの最中に速度がわずかに上がる＜作戦・先行＞","通常スキル"
"30475","才気煥発","さいきかんぱつ","30476","170","速度","ラストスパートの最中に速度が上がる＜中距離＞","通常スキル"
"30476","躍動","やくどう","","170","速度","ラストスパートの最中に速度がわずかに上がる＜中距離＞","通常スキル"
"30477","夢の舞台へ","ゆめのぶたいへ","30478","170","加速","レース終盤始めの方早めに前方にいると加速力が上がる＜先行・中距離＞","通常スキル"
"30478","憧れを越えて","あこがれをこえて","","170","加速","レース終盤始めの方早めに前方にいると加速力がわずかに上がる＜先行・中距離＞","通常スキル"
"30479","ターニングポイント","たーにんぐぽいんと","","170","加速","レース終盤始めの方に中団以降にいると加速力がわずかに上がる＜差し・短距離＞","通常スキル"
"30480","傑出","けっしゅつ","30481","180","速度","レース後半に近寄られると速度が上がる＜作戦・逃げ＞","通常スキル"
"30481","抜きん出る一歩","ぬきんでるいっぽ","","180","速度","レース後半に近寄られると速度がわずかに上がる＜作戦・逃げ＞","通常スキル"
"30482","猛烈激走","もうれつげきそう","30483","180","速度","追い比べをしていると残り200mを切ってから前に出る＜逃げ/先行＞","通常スキル"
"30483","みなぎる闘志","みなぎるとうし","","180","速度","追い比べをしていると残り200mを切ってからわずかに前に出る＜逃げ/先行＞","通常スキル"
"30484","イニシアチブ","いにしあちぶ","30485","170","加速","レース終盤始めの方で前方にいると加速力が上がる＜逃げ・短距離＞","通常スキル"
"30485","譲れぬ一歩","ゆずれぬいっぽ","","170","加速","レース終盤始めの方で前方にいると加速力がわずかに上がる＜逃げ・短距離＞","通常スキル"
"30486","丁々発止","ちょうちょうはっし","30487","170","加速","レース終盤始めの方で前方にいると加速力が上がる＜先行・短距離＞","通常スキル"
"30487","火花散らして","ひばなちらして","","170","加速","レース終盤始めの方で前方にいると加速力がわずかに上がる＜先行・短距離＞","通常スキル"
"30488","英俊豪傑","えいしゅんごうけつ","30489","200","速度","レース中盤に前に出る","通常スキル"
"30489","比類なき","ひるいなき","","200","速度","レース中盤にわずかに前に出る","通常スキル"
"30490","睥睨","へいげい","30491","200","速度|回復","レース中盤始めの方に中団以降にいると速度が上がり持久力をわずかに回復する＜中距離/長距離＞","通常スキル"
"30491","覇気十分","はきじゅうぶん","","200","速度|回復","レース中盤始めの方に中団以降にいると速度がわずかに上がり持久力をほんのわずかに回復する＜中距離/長距離＞","通常スキル"
"30492","垣間見た光","かいまみたひかり","","170","加速","レース終盤始めの方早めに中団以降にいると加速力がわずかに上がる＜追込・中距離＞","通常スキル"
"30493","登竜門","とうりゅうもん","","120","速度","上り坂で速度がわずかに上がる＜作戦・追込＞","通常スキル"
"30494","天真爛漫","てんしんらんまん","30495","160","加速","レース終盤始めの方で中団以降にいると加速力が上がる＜マイル＞","通常スキル"
"30495","足任せ","あしまかせ","","160","加速","レース終盤始めの方で中団以降にいると加速力がわずかに上がる＜マイル＞","通常スキル"
"30496","ステップアップ","すてっぷあっぷ","","160","速度","レース中盤に中団以降にいると速度がわずかに上がる＜マイル＞","通常スキル"
"30497","奮闘","ふんとう","","170","速度","ラストスパートの最中に速度がわずかに上がる＜長距離＞","通常スキル"
"30498","突破口","とっぱこう","30499","160","速度","レース終盤が迫ったとき中団以降にいると速度が上がる＜中距離＞","通常スキル"
"30499","足がかり","あしがかり","","160","速度","レース終盤が迫ったとき中団以降にいると速度がわずかに上がる＜中距離＞","通常スキル"
"30500","捕捉","ほそく","","190","速度","レース中盤に速度がわずかに上がる先頭から8バ身以上離れていると速度が少し上がる＜作戦・追込＞","通常スキル"
"30501","独立独歩","どくりつどっぽ","30502","180","速度","ラストスパートの最中に速度が上がる＜作戦・差し＞","通常スキル"
"30502","押し通る！","おしとおる！","","180","速度","ラストスパートの最中に速度がわずかに上がる＜作戦・差し＞","通常スキル"
"30503","見事な砂蹴り","みごとなすなげり","30504","160","速度","すぐ後ろにウマ娘が長くいると速度が上がる＜ダート＞","通常スキル"
"30504","砂蹴り","すなげり","","160","速度","すぐ後ろにウマ娘が長くいると速度がわずかに上がる＜ダート＞","通常スキル"
"30505","点滴穿石","てんてきせんせき","30506","170","速度","ラストスパートの最中に速度が上がる＜ダート＞","通常スキル"
"30506","精進","しょうじん","","170","速度","ラストスパートの最中に速度がわずかに上がる＜ダート＞","通常スキル"
"30507","ストレートハート","すとれーとはーと","30508","160","速度","レース中盤の直線で中団以降にいるとしばらくの間速度が少し上がる＜差し・中距離＞","通常スキル"
"30508","真っ直ぐな走り","まっすぐなはしり","","160","速度","レース中盤の直線で中団以降にいるとしばらくの間速度がちょっと上がる＜差し・中距離＞","通常スキル"
"30509","唯一無二","ゆいいつむに","30510","180","速度","レース後半に前に出る＜中距離＞","通常スキル"
"30510","夢への挑戦","ゆめへのちょうせん","","180","速度","レース後半にわずかに前に出る＜中距離＞","通常スキル"
"30511","光明","こうみょう","","180","速度","レース終盤始めの方に前方にいるとわずかに前に出る＜中距離/長距離＞","通常スキル"
"30512","パスファインダー","ぱすふぁいんだー","30513","180","速度","レース中盤に速度が上がる＜中距離/長距離＞","通常スキル"
"30513","活路を拓く！","かつろをひらく！","","180","速度","レース中盤に速度がわずかに上がる＜中距離/長距離＞","通常スキル"
"30514","悠久走破","ゆうきゅうそうは","30515","180","速度","レース中盤にしばらくの間速度が少し上がる＜中距離/長距離＞","通常スキル"
"30515","健脚","けんきゃく","","180","速度","レース中盤にしばらくの間速度がちょっと上がる＜中距離/長距離＞","通常スキル"
"30516","陽炎","かげろう","30517","180","速度","レース中盤に速度が上がるスキル発動時、中団以降にいると効果が変わり前に出る＜作戦・差し＞","通常スキル"
"30517","静かな熱","しずかなねつ","","180","速度","レース中盤に速度がわずかに上がるスキル発動時、中団以降にいると効果が変わりわずかに前に出る＜作戦・差し＞","通常スキル"
"30518","秘めた闘魂","ひめたとうこん","30519","170","速度","レース中盤に中団以降にいると速度が上がる＜差し・中距離＞","通常スキル"
"30519","不断の鍛錬","ふだんのたんれん","","170","速度","レース中盤に中団以降にいると速度がわずかに上がる＜差し・中距離＞","通常スキル"
"30520","思い切り","おもいきり","","160","速度","レース終盤始めの方で余力十分ならわずかに前に出る＜先行・長距離＞","通常スキル"
"30521","ショーダウン","しょーだうん","30522","180","加速","ラストスパートの直線で加速力が上がる＜作戦・先行＞","通常スキル"
"30522","勇気の一歩","ゆうきのいっぽ","","180","加速","ラストスパートの直線で加速力がわずかに上がる＜作戦・先行＞","通常スキル"
"30523","この手に掴んだ未来","このてにつかんだみらい","","360","速度|回復","受け継がれてきた強い想いを胸に抱いてレース後半に前に出て持久力をわずかに回復する＜マイル/中距離＞","通常スキル"
"30524","エネルギッシュ","えねるぎっしゅ","30525","200","速度|回復","レース中盤始めの方に速度が少し上がり持久力を少し回復する＜長距離＞","通常スキル"
"30525","張り切り","はりきり","","200","速度|回復","レース中盤始めの方に速度がちょっと上がり、持久力をちょっと回復する＜長距離＞","通常スキル"
"30526","刹那の勝機","せつなのしょうき","30527","160","速度","レース後半のコーナーで追い抜くと前に出る＜差し・中距離＞","通常スキル"
"30527","間隙を突いて","かんげきをついて","","160","速度","レース後半のコーナーで追い抜くとわずかに前に出る＜差し・中距離＞","通常スキル"
"30528","残影","ざんえい","30529","140","速度","レース中盤に速度が上がる＜作戦・追込＞","通常スキル"
"30529","影を追って","かげをおって","","140","速度","レース中盤に速度がわずかに上がる＜作戦・追込＞","通常スキル"
"30530","即断即決","そくだんそっけつ","30531","180","速度","ラストスパートの最中に速度が上がる＜作戦・追込＞","通常スキル"
"30531","追駆","ついく","","180","速度","ラストスパートの最中に速度がわずかに上がる＜作戦・追込＞","通常スキル"
"30532","臆せぬ心","おくせぬこころ","","160","速度","レース中盤に速度がわずかに上がる＜長距離＞","通常スキル"
"30533","闘争本能","とうそうほんのう","30534","180","速度","最終コーナー前の第3コーナーで中団以降にいると前に出る＜マイル/中距離＞","通常スキル"
"30534","好戦的","こうせんてき","","180","速度","最終コーナー前の第3コーナーで中団以降にいるとわずかに前に出る＜マイル/中距離＞","通常スキル"
"30535","解き放つ情念","ときはなつじょうねん","30536","200","速度","レース中盤に速度が少し上がるその後レース終盤に少し前に出る＜マイル/中距離＞","通常スキル"
"30536","想い焦がれて","おもいこがれて","","200","速度","レース中盤に速度がちょっと上がるその後レース終盤にちょっと前に出る＜マイル/中距離＞","通常スキル"
"30537","内なる獣","うちなるけもの","","180","速度","終盤の最終直線でわずかに前に出るレース終盤突入時まで中団以降に控え続けていると少し前に出る＜差し・中距離＞","通常スキル"
"30538","天賦の才","てんぷのさい|てんぶのさい","30539","170","加速","レース終盤始めの方早めに中団以降にいると加速力が上がる＜差し・中距離＞","通常スキル"
"30539","頂を目指して","いただきをめざして","","170","加速","レース終盤始めの方早めに中団以降にいると加速力がわずかに上がる＜差し・中距離＞","通常スキル"
"30540","才色兼備","さいしょくけんび","30541","160","速度","レース中盤に中団以降にいるとしばらくの間速度が少し上がる＜中距離＞","通常スキル"
"30541","優等生","ゆうとうせい","","160","速度","レース中盤に中団以降にいるとしばらくの間速度がちょっと上がる＜中距離＞","通常スキル"
"30542","好奇心","こうきしん","30543","180","速度","レース中盤に速度が上がる","通常スキル"
"30543","心惹かれて","こころひかれて","","180","速度","レース中盤に速度がわずかに上がる","通常スキル"
"30544","自由奔放","じゆうほんぽう","30545","180","速度","レース序盤または中盤に追い抜かれるか競り合うと前に出る＜中距離＞","通常スキル"
"30545","気ままな足取り","きままなあしどり","","180","速度","レース序盤または中盤に追い抜かれるか競り合うとわずかに前に出る＜中距離＞","通常スキル"
"30546","閃く雷光","ひらめくらいこう","30547","120","速度","追い抜こうとすると速度が上がる＜短距離＞","通常スキル"
"30547","弾ける足取り","はじけるあしどり","","120","速度","追い抜こうとすると速度がわずかに上がる＜短距離＞","通常スキル"
"30548","問答無用","もんどうむよう","30549","160","速度","レース中盤に前方にいると速度が上がる＜短距離＞","通常スキル"
"30549","待ったなし","まったなし","","160","速度","レース中盤に前方にいると速度がわずかに上がる＜短距離＞","通常スキル"
"30550","ヒートアップ","ひーとあっぷ","","170","加速","レース終盤始めの方に中団以降にいると加速力がわずかに上がる＜追込・短距離＞","通常スキル"
"30551","急降下","きゅうこうか","","120","加速","下り坂で加速力がわずかに上がる＜作戦・追込＞","通常スキル"
"30552","至宝の輝き","しほうのかがやき","30553","170","速度","レース中盤に中団以降にいると速度が上がる＜差し・短距離＞","通常スキル"
"30553","誇りを抱いて","ほこりをいだいて","","170","速度","レース中盤に中団以降にいると速度がわずかに上がる＜差し・短距離＞","通常スキル"
"30554","プレリュード","ぷれりゅーど","","160","速度","レース中盤に中団以降にいると速度がわずかに上がる＜短距離＞","通常スキル"
"30555","百戦錬磨","ひゃくせんれんま","30556","160","速度","レース中盤に前方にいるとしばらくの間速度が少し上がる＜短距離＞","通常スキル"
"30556","練達の一歩","れんたつのいっぽ","","160","速度","レース中盤に前方にいるとしばらくの間速度がちょっと上がる＜短距離＞","通常スキル"
"30557","なりふり構わず","なりふりかまわず","","160","速度|持久力消費","レース中盤に前方にいると持久力を少し使って速度が少し上がる＜ダート＞","通常スキル"
"30558","バイタリティ","ばいたりてぃ","","180","速度","最終コーナー前の第3コーナーで前方にいるとわずかに前に出る＜ダート＞","通常スキル"
"90001","大逃げ","おおにげ","","200","作戦","通常の逃げの作戦よりさらに大きく後続を引き離して、そのまま最後まで逃げ切ろうとする＜作戦・逃げ＞","シナリオ・特殊"
"90002","アオハル燃焼・速","あおはるねんしょうそく","90003","200","シナリオ|速度","レース中盤にアオハル魂が燃えレース中のチームメンバーのスピード合計が高いほど速度が上がる","シナリオ・特殊"
"90003","アオハル点火・速","あおはるてんかそく","","200","シナリオ|速度","レース中盤にアオハル魂が燃えレース中のチームメンバーのスピード合計が高いほど速度がわずかに上がる","シナリオ・特殊"
"90004","アオハル燃焼・体","あおはるねんしょうたい|あおはるねんしょうからだ","90005","200","シナリオ|回復","レース中盤にアオハル魂が燃えレース中のチームメンバーのスタミナ合計が高いほど持久力が回復する","シナリオ・特殊"
"90005","アオハル点火・体","あおはるてんかたい|あおはるてんかからだ","","200","シナリオ|回復","レース中盤にアオハル魂が燃えレース中のチームメンバーのスタミナ合計が高いほど持久力がわずかに回復する","シナリオ・特殊"
"90006","アオハル燃焼・力","あおはるねんしょうちから|あおはるねんしょうりょく","90007","200","シナリオ|加速","レース終盤にアオハル魂が燃えレース中のチームメンバーのパワー合計が高いほど加速力が上がる","シナリオ・特殊"
"90007","アオハル点火・力","あおはるてんかちから|あおはるてんかりょく","","200","シナリオ|加速","レース終盤にアオハル魂が燃えレース中のチームメンバーのパワー合計が高いほど加速力がわずかに上がる","シナリオ・特殊"
"90008","アオハル燃焼・根","あおはるねんしょうこん|あおはるねんしょうね","90009","200","シナリオ|速度|加速","レース終盤にアオハル魂が燃えレース中のチームメンバーの根性合計が高いほど脚に力強さが宿る","シナリオ・特殊"
"90009","アオハル点火・根","あおはるてんかこん|あおはるてんかね","","200","シナリオ|速度|加速","レース終盤にアオハル魂が燃えレース中のチームメンバーの根性合計が高いほど脚にちょっと力強さが宿る","シナリオ・特殊"
"90010","アオハル燃焼・賢","あおはるねんしょうけん|あおはるねんしょうかしこさ","90011","200","シナリオ|コース取り|視野","レース序盤にアオハル魂が燃えしばらくレース中のチームメンバーの賢さ合計が高いほど先を見据えて走る","シナリオ・特殊"
"90011","アオハル点火・賢","あおはるてんかけん|あおはるてんかかしこさ","","200","シナリオ|コース取り|視野","レース序盤にアオハル魂が燃えしばらくレース中のチームメンバーの賢さ合計が高いほどわずかに先を見据えて走る","シナリオ・特殊"
"90012","一番星","いちばんぼし","90013","200","シナリオ|速度|加速|回復","レース後半に呼吸を整え前へ踏み込む育成で重ねた勝利の数だけ効果が高まる","シナリオ・特殊"
"90013","綺羅星","きらぼし","","200","シナリオ|速度|加速|回復","レース後半にちょっと呼吸を整え前へ踏み込む育成で重ねた勝利の数だけ効果が高まる","シナリオ・特殊"
"90014","キミと勝ちたい","きみとかちたい","90015","200","シナリオ|速度|加速","レース後半に中団以前だと速度が上がり加速力がわずかに上がるファンが多いほど効果が高まる","シナリオ・特殊"
"90015","夢の途中","ゆめのとちゅう","","200","シナリオ|速度|加速","レース後半に中団以前だと速度がわずかに上がり加速力がほんのわずかに上がるファンが多いほど効果が高まる","シナリオ・特殊"
"90016","レースの真髄・速","れーすのしんずいそく","","150","シナリオ|速度","レース終盤が迫ったとき速度がわずかに上がる","シナリオ・特殊"
"90017","レースの真髄・体","れーすのしんずいたい|れーすのしんずいからだ","","150","シナリオ|速度|持久力消費","ラストスパートで持久力を少し使い速度が少し上がる","シナリオ・特殊"
"90018","レースの真髄・力","れーすのしんずいちから|れーすのしんずいりょく","","150","シナリオ|速度","ラストスパートで追い越そうとするとしばらくの間速度がわずかに上がる","シナリオ・特殊"
"90019","レースの真髄・根","れーすのしんずいこん|れーすのしんずいね","","150","シナリオ|加速","追い比べをするとき加速力がわずかに上がる","シナリオ・特殊"
"90020","レースの真髄・賢","れーすのしんずいけん|れーすのしんずいかしこさ","","150","シナリオ|速度","レース後半にスキルを2回発動させると速度がわずかに上がる","シナリオ・特殊"
"90021","レースの真髄・心","れーすのしんずいこころ|れーすのしんずいしん","","150","シナリオ|パッシブ","やる気が好調か絶好調だとスタミナ、根性、賢さが少し上がる場合がある","シナリオ・特殊"
"90022","限界の先へ","げんかいのさきへ","90023","200","シナリオ|速度","ラストスパートで速度が上がる最も優れた基礎能力の高さに応じて効果が高まる","シナリオ・特殊"
"90023","前だけ見据えて","まえだけみすえて","","200","シナリオ|速度","ラストスパートで速度がわずかに上がる最も優れた基礎能力の高さに応じて効果が高まる","シナリオ・特殊"
"90024","太陽の叡智","たいようのえいち","90025","200","シナリオ|速度","レース中盤に競り合うと速度が上がる獲得したスキルの数に応じて効果が高まる","シナリオ・特殊"
"90025","陽の加護","ようのかご","","200","シナリオ|速度","レース中盤に競り合うと速度がわずかに上がる、獲得したスキルの数に応じて効果が高まる","シナリオ・特殊"
"90026","大海の叡智","たいかいのえいち","90027","200","シナリオ|加速","レース序盤の始めの方に加速力が上がる獲得したスキルの数に応じて効果が高まる","シナリオ・特殊"
"90027","海の加護","うみのかご","","200","シナリオ|加速","レース序盤の始めの方に加速力がわずかに上がる、獲得したスキルの数に応じて効果が高まる","シナリオ・特殊"
"90028","大地の叡智","たいかいのえいち","90029","200","シナリオ|速度","レース終盤の中ほどで速度が上がる獲得したスキルの数に応じて効果が高まる","シナリオ・特殊"
"90029","地の加護","ちのかご","","200","シナリオ|速度","レース終盤の中ほどで速度がわずかに上がる、獲得したスキルの数に応じて効果が高まる","シナリオ・特殊"
"90030","最高峰の夢","さいこうほうのゆめ","90031","200","シナリオ|速度","最終直線で速度が上がる獲得した海外適性Lvの合計が高いほど効果が高まる","シナリオ・特殊"
"90031","想いを背負って","おもいをせおって","","200","シナリオ|速度","最終直線で速度がわずかに上がる","シナリオ・特殊"
"90032","爆熱のキラメキ！","ばくねつのきらめき！","90033","200","シナリオ|速度","レース中盤に速度が上がるU.A.F.決勝大会の優勝数に応じて効果が高まる＜マイル/中距離＞","シナリオ・特殊"
"90033","バーニングソウル","ばーにんぐそうる","","200","シナリオ|速度","レース中盤に速度がわずかに上がる＜マイル/中距離＞","シナリオ・特殊"
"90034","アスリート魂","あすりーとたましい","","170","シナリオ|速度","レース後半にわずかに前に出る根性が十二分に高いと少し前に出る＜マイル/中距離＞","シナリオ・特殊"
"90035","私たちの走る道程","わたしたちのはしるみちのり","90036","200","シナリオ|速度","ラストスパートで前に出る獲得したお料理Ptの合計が高いほど効果が高まる＜短距離/マイル＞","シナリオ・特殊"
"90036","いつまでも健やかに","いつまでもすこやかに","","200","シナリオ|速度","ラストスパートでわずかに前に出る＜短距離/マイル＞","シナリオ・特殊"
"90037","食の極意","しょくのごくい","","170","シナリオ|速度","レース中盤にわずかに前に出るパワーが十二分に高いと少し前に出る＜短距離/マイル＞","シナリオ・特殊"
"90038","もう少しだけ、いい景色","もうすこしだけ、いいけしき","90039","200","シナリオ|速度","最終直線で速度が上がる獲得した総研究Lvが高いほど効果が高まる＜中距離/長距離＞","シナリオ・特殊"
"90039","夢の再生方法","ゆめのさいせいほうほう","","200","シナリオ|速度","最終直線で速度がわずかに上がる＜中距離/長距離＞","シナリオ・特殊"
"90040","新たな伝説を築く者","あらたなでんせつをきずくもの","90041","200","シナリオ|速度","ラストスパートの最中に速度が上がるファンが多いほど効果が高まる","シナリオ・特殊"
"90041","時代を変える者","じだいをかえるもの","","200","シナリオ|速度","ラストスパートの最中に速度がわずかに上がる","シナリオ・特殊"
"90042","本能の懸け橋","ほんのうのかけはし","90043","200","シナリオ|速度","最終直線で速度が上がる獲得した総発展Ptが高いほど効果が高まる＜中距離/長距離＞","シナリオ・特殊"
"90043","あるがままに","あるがままに","","200","シナリオ|速度","最終直線で速度がわずかに上がる＜中距離/長距離＞","シナリオ・特殊"